58194e57-da9e-49d7-ab4e-bf77ba69c03c,1
4ee83f45-4877-40ba-82f1-f0df0f597598,1
98ad940b-6ef4-413d-82b0-82daf91606c7,1
02c2a74b-e061-4bc3-8c52-61a8109326c9,1
7deb504e-45ae-47b5-88d6-c08e6e6b11c5,1
ea7b46d7-4b6e-4061-be4f-577df589761e,1
f39c3fe5-43c2-44f3-b249-7c7c462d3d32,1
133f21f7-7714-4bdb-95cf-c1f07d13f5b5,1
57f1ac07-ea9b-4821-8fc3-492616623f8b,1
e0c76224-455c-4d8c-9166-d0009cda5d60,1
6f7459f3-e808-4522-af98-a9e0206f3f56,1
1e898d96-35e8-48d5-8b1f-5955a437c48f,1
574ee794-3d0b-489d-99f2-67f8eed4c01b,1
0a986e56-5187-4d0a-98e4-503bd8a0cfa9,1
6d4190ce-d3e3-4c4c-8837-6f11f5631a41,1
5fd354ad-99e0-4988-b97d-3b3d20a7b568,1
66224c0e-28fa-4289-8de1-a712599538e9,1
7daf69c9-b869-4d21-bb44-0c447dca26c4,1
9f1d79b6-1594-437b-a509-d3fb3b175682,1
a201593e-01d4-480a-a6a2-dbcf7d984040,1
f2f90839-cf44-4e5a-85f5-2f42f37e7828,1
e0edfdd4-b2e5-44de-8f16-49a6113ff25a,1
02d89086-18d0-452a-8166-93ca035f3697,1
21582335-19d5-45f3-8bf0-397ba2cf44f4,1
700ae2f2-d732-4718-8049-f4d42ca63385,1
1cee8dad-c817-4a38-afa5-381c4bff851a,1
6e984fb4-1909-42da-b5ab-ee34873cc78a,1
9ab13bf4-d55f-4e8b-aed4-a74051b57d92,1
67503668-d91f-4676-9075-72a6eac17e74,1
e671d8af-3126-4763-bcf8-5d793f7b4afc,1
dde3211f-72be-4c43-aa3e-7b1bea26afe3,1
36399270-4561-4063-9d9a-4a0ad44d2853,1
34275855-9ff7-4404-8fe1-8ff1c42bd841,1
cd8f0f68-a03c-460f-b9b5-da1661436753,1
bab311a9-5adf-4823-9ca0-bbdcb47193de,1
92efceee-9bf5-4b43-ab6c-8666bc9cbf42,1
5945a273-d7d1-43cb-8246-ed82c0dc8794,1
27d6e29b-7137-4d7a-8d5a-4ee9aac8904f,1
3c94add9-a93b-4c1a-b73d-0d6ad03dee4d,1
ccad6c28-e8b5-4194-93d9-d597ff8cf237,1
1b50701b-f47d-4e0e-b3fb-6c8990d14945,1
9015fd35-a456-46d9-9276-246d17a9feac,1
4b6cf872-3e84-4183-894d-330957b6b7de,1
e5cac2fc-f8a4-4b3e-b778-29d34867e764,1
77de3121-4c49-44f3-9d49-5f0b562211d9,1
c8aebfe3-2312-4938-bc09-7673c3fec78c,1
fd3f1768-9c9c-45dd-bba3-313027dbfddf,1
920f4627-8ee9-43e3-8892-cdca9045d3f8,1
cc0e3847-8b55-41bb-982e-750e6dff56c9,1
6677f91c-de7a-41bf-9093-d39404eccd96,1
ce16458e-b9f8-40f2-9601-2ce2fc7f4199,1
52ce7756-9738-4bce-98ac-d144cf178edf,1
329d240b-5ef9-4724-ab7e-85b0a968f7ce,1
7b432fa2-ad8f-47c8-9171-55fcf442d84b,1
2b5245ab-d517-438a-b0a5-fa74428bbfb1,1
4b786fe6-26d5-4868-82ea-f7e8e73d380f,1
d9007bd1-a3b9-4de4-86e7-7a0225d0b851,1
e9b08350-e2b1-48bb-b215-ff48470bd98c,1
940b3332-3f2b-4f68-8a15-3edd5009bc1c,1
52a31d61-c3e5-448d-aa6d-1d1385b583d0,1
620f478d-a957-4722-b6bc-26f934861c71,1
4882b7b9-a997-427c-a7c5-8ebb7455289e,1
e2dbf350-25a9-4e77-829b-7faa3374c73a,1
73f56d99-f8dc-468d-8132-fe82c14cab45,1
f95f29ee-bee8-497d-b631-41465b042227,1
5be81007-cdc3-4adb-b56b-d77d4eac8885,1
45515164-ce06-47b7-81a8-ed8e7a494b8b,1
1fbec262-637a-4a43-bebd-88b96b0b1c42,1
2a523759-2aea-4b78-973c-b9e6d0fdc450,1
7f1c1c24-bddc-48ef-851e-ed3cecde47cb,1
1c66d828-4819-4e4a-b940-5d4e7bafd1a3,1
0c4f8be9-8ea2-4b42-aa46-c0a9091716f4,1
890f6016-19e2-4d39-8da9-8c9223a64215,1
7cd6acab-aa19-4f35-8c54-f13a64deec03,1
fc574d8c-772b-4e9c-95ac-90a927ef490b,1
d681eb8d-c1fc-4590-af00-6b22502ef14a,1
8d86bf0b-4ee3-4f30-811f-2e0ba56770d1,1
61af7787-a760-4514-a566-527e737068d0,1
1b50ff14-ceb7-452c-aa03-29e241eeeea1,1
b56f9120-05bb-4f00-8f17-87f7cfb27b4f,1
dd28afe1-86a8-4f78-89ef-bb37ba09ffff,1
c0191487-bc5f-4f5d-b7be-fd23a8e7152c,1
e2772055-cd66-4f5e-a512-4db0369ff976,1
744e618b-1733-4d58-b81d-ca69c00f89aa,1
8d0e087f-e870-4707-b705-ed5d6b1595c2,1
f1978cf2-be14-4371-b529-1fddde3fc93e,1
cc49f1f3-253f-414b-86be-ec22bec72c6e,1
53be9a5a-3d9a-4e29-8c55-fb6eb94b7299,1
1ccd2bad-7c67-4397-8842-942d0b07557d,1
e8a10a14-7fd0-4576-831f-ab8fa60f9da5,1
033a0060-743f-4dae-914f-b01b48f5b14a,1
311edee6-585a-4a2c-9122-31ebd5367a36,1
c4694b4c-e129-48d3-8b24-74e15b6a4297,1
88422a72-d186-493b-8ca3-27a137fee144,1
bfabcde5-49ff-4cdf-a081-a20d14d5ab48,1
853c5752-6ed2-453f-9238-ba37af9acea8,1
85146c07-8d36-4306-a2f5-f49475ef0852,1
7b8de631-27a1-48f2-a9a7-bad72b101116,1
c7f8b85c-c6bd-4c60-b7e5-a041a7deb6c5,1
3c681e22-f912-435a-b291-200e388b8ef0,1
f64fdfe5-1736-4805-83fe-306228c5c3ad,1
3d6f1a52-1ddc-4139-b504-3a6c5e77791d,1
fb6ba60b-012a-4667-8050-7ee9e516e0b9,1
3e351431-12ba-49a1-884d-ea22cf15197a,1
7e5e7e26-b1d9-4130-9984-c3e05e8b703c,1
34886d4f-f33e-4883-a639-ac5b1ecbab59,1
f5c1d554-f8a7-4157-8649-0fe20c65afe1,1
b9d5e003-74ba-4f84-b6ad-dab8af032c4b,1
eb0f4d96-8bf9-486e-8c35-e8599b6d1863,1
c5bc35ab-7642-44ec-8a81-ebcf5f8dc9d1,1
0c7ab10e-c957-4bbc-8a71-478c1cf1a4d0,1
45781da2-662a-4235-a778-7eaddce0ee61,1
b6bfe5b2-9a68-4372-8e92-fec6468619cd,1
c26a4351-2a4b-47fd-809f-832a25e531ff,1
0545a530-2472-468f-a86b-5a4020c04531,1
0744a8ce-aebc-4f96-bc96-9f7ed3456459,1
4eba8230-f711-4050-be19-5bb7413c3e44,1
1a77af7e-7fd5-4adb-ae51-212104b16b8b,1
89e4bcfc-1e9f-43c3-88fb-aeff6cb9f26e,1
1490b554-2433-48cb-9e19-ddc64147d9ff,1
2579cae6-fee3-4cc2-bcdf-4d36026125ea,1
04b039be-aaf7-4ec8-89eb-26b5dbe9e935,1
6ee7615d-cb79-45f9-b947-9b4f79806ffa,1
9f55b7a4-3254-4146-bdda-0ac188a8db90,1
f0071f1f-bfef-494e-99c8-3d40774f029d,1
9fcb2e26-1fe2-4d39-930b-83086eead5be,1
9ebafe54-885e-4b23-8fc9-c007a19cf683,1
85b4ab04-b561-4003-b0e7-e332d8c085d4,1
cd83ae8f-d0a8-4c66-bebc-338275e8b973,1
0eab8dbe-e50d-442e-8c24-b47d0e6093c2,1
077c6628-7659-4a8b-8548-b1ebb566087e,1
a46d960e-9d07-4c52-a507-6dcd858ae04c,1
7fdba105-7cbd-4d23-ae78-66d072ce4a17,1
94a62f89-830a-456d-b292-d0dc2758ca1a,1
81684cc2-cc00-4a59-b5a4-8f9784fde36a,1
6b684490-40bf-43dc-841c-e86a6426c767,1
695934e9-24db-4ce8-ace0-bb07eba26af7,1
47f2e099-8042-435d-9598-a872028cee94,1
4333315d-0af1-471c-af2d-3fe64a340cff,1
c83182cc-f0c1-481e-b995-1c8b92add45a,1
79747ee1-09c6-43fb-a692-342c797765ea,1
a735af67-ca69-452b-a865-e885140b2d9f,1
a1191822-0937-40f1-8571-4e7d6e7813c7,1
6a4dc3a0-6c53-4cdd-8914-98bbe01e4bbb,1
1f2fa44e-1083-41d6-b4e1-b57996a658f3,1
bb5306a0-97b0-4eb2-a79f-4cc59b5dc77a,1
7ff258dc-61bf-400f-820a-e9e5ecadea0e,1
fcb30b56-3c38-4ca3-8801-1ff07250f68e,1
5ca6a08f-96be-4a87-8fba-1e7648578589,1
6f7db275-d441-42e9-ba1d-70e7c7a07a67,1
b6cb9e69-3703-4c48-850a-703ee1a86211,1
e2ac6c3a-dfc5-4f18-8274-bd9680084ea1,1
cb378c69-9d79-4f90-b26e-68b2e7d623ef,1
e19300a3-d1a3-4f72-978f-41b4dd9cf152,1
a07afa16-173e-4b03-9f7e-4d102c41a947,1
684ff8eb-09b8-4990-8ef0-64df3f3dfa20,1
877868b4-990a-45e2-9c52-c52eb90801fd,1
169007d1-1851-4217-8454-a13b7e1e1db7,1
ac0e6eed-2035-423b-800d-033ce023937d,1
e82f033e-fc77-4aeb-be82-4a216ed62e59,1
a9e4c4a5-3e98-4113-b8d7-a44137d76d66,1
a55ebe10-190d-4353-854e-118bb16c8f6a,1
d6f2d4ae-8bea-4a96-8d91-bead95b55409,1
bc4c39d0-e0bb-418b-88ef-a42a1c175c12,1
bb0ee896-6d68-43e8-9050-aab3b693f367,1
7cf2fe20-5d98-4210-ac40-d27fe01486e1,1
b0056e8d-3447-4760-a3f0-4ffb3d0a8b7a,1
11d253f1-076c-477f-9712-ea4359c54862,1
de324747-0222-461e-a31f-74d958cd47de,1
71b33b5b-79ac-40ab-820f-d2c7233ba1e1,1
7ba24820-8843-49b2-9608-a5ec9638e8e8,1
cca98dd2-6449-4534-a1c2-d68dd240a093,1
1fecd1d5-af83-4b37-90a0-e2b22a26f039,1
871cf498-0231-4367-9d1c-d7d5659d9c82,1
06de7a20-f625-4122-8864-0fd8f3711ddf,1
63fb6c89-78c0-4f4e-8e6e-a1f0ed73aec1,1
4da437a0-9792-4deb-90fd-05cae84da759,1
203404cd-cad5-4a35-9acd-4e666391b0dc,1
891f611b-77d2-4483-a538-d48e53984971,1
5e666974-111b-4a4f-b461-c5a466d64a58,1
a91a53f7-97e3-489e-aa41-0818f2796229,1
91fb212f-f00d-4bbc-bdb3-363119f83fef,1
f80b3041-8a4b-42a0-9bb5-09dace71a8b8,1
eda71c9a-077e-4c59-9ec9-0a3239d8b054,1
d6857268-533a-409f-a87a-7bcfd0760041,1
295f2323-0810-486f-8f4c-90ceacd48e9f,1
373ae9d1-83ee-4d07-85b5-253add86a128,1
73747498-efac-43dc-8785-7ae274310a12,1
4d8867d7-442c-4507-8927-bcfd75a33275,1
7b402b8f-4c66-4056-9db7-3c6d1beb99e0,1
e6cb1709-128f-4d0d-b952-9e00232f7e58,1
1c14ca6c-d24b-4f8d-ab64-706e0a643c37,1
b4a33a69-dc43-4d7c-9b56-199f27db1578,1
420036c0-82f2-4472-bc22-a2285eb79152,1
c8af74a0-be72-4127-87fd-db5da8ef3a27,1
ac104676-306d-4b71-bb7e-968c0bd21fdf,1
c23ed4fa-fe9b-45c2-8d24-52dd07e8c9f4,1
1bd13fab-c701-4821-bcd6-d671ead3bd6e,1
b06307f7-2a3a-4b16-bf67-2bfffd6a37e8,1
d89ad5be-7b88-4ad2-b4da-8bfdc42ad60e,1
9d04e68c-c208-45fb-a342-45b7e45eb81f,1
9dff8209-f7de-46f0-ac88-e0540e48f872,1
a42a29d5-ea55-4f26-aae4-2641d3970728,1
c422789e-0e8d-4d3f-a40c-c06794f8a58a,1
873d3397-f278-4c3d-b22e-5b41773f8acd,1
83ada2d8-c054-4e03-b668-b63b4045bfcd,1
b1de8c3e-7b80-4e7f-a4f3-81e1be655c86,1
a38bd54c-665c-43b4-b685-85cd95510ec8,1
2ed01df6-5192-41f6-a0ca-0419eee0c53b,1
66b42e2e-de9d-418b-a84a-63b179f1e8cf,1
688c0599-da30-4050-811c-4f8f8fe82412,1
8b217b9d-736b-4773-ae43-27fba77dec79,1
9c248743-087c-4b1b-a670-bff329ab48db,1
bf7af9c6-b9d9-4727-99db-bf81eb47a3f0,1
82784850-08a9-4138-839b-18de62ec55dd,1
823ea36d-774a-4662-9d25-0b27005efb1b,1
186798dd-d1ff-45c6-a5c2-9b82d87dc6de,1
0aed0b99-4dcb-4980-85bc-a00f570be546,1
1e3e4476-ee62-4b0f-b11a-b30883cc8b4f,1
d61b2139-b7cb-450a-a645-524cdf604a57,1
041ff433-559e-4d3d-be2a-ee102cf78c6d,1
91ceb47d-4f2b-471e-bc8c-6d14f140b60f,1
6ee6abfe-2084-4f69-8c95-5c271e6ed777,1
541bc5d8-d429-465e-b290-f2423bba9651,1
15058eda-e925-4326-b709-c58925cdb99a,1
d608e2da-8934-4ea2-b7fa-6bf4bca42337,1
d92e2fa7-42e2-497e-8f13-376c13d140b5,1
bfbfb76e-7f94-4a28-944b-56f2aefdd3fe,1
68fb9841-3897-4559-b6e2-d126a562679d,1
7037bc15-4051-4489-9436-81bf8d37b4d8,1
2fefa30d-f302-4a0a-8011-159e08786e19,1
41a20da4-dbed-417a-89c3-5a348bbc1022,1
54c4bd5b-4518-41b4-84e7-d833143077eb,1
5423bb61-6596-4514-bea0-a3fc1e64d851,1
654490f9-40e4-47a3-b4c3-227c4284eeb6,1
65e09653-aec0-4eee-91b6-727f44533ea1,1
fd0449fe-8f01-4b8d-8f8a-ba9cd90d7898,1
2fd2471b-d691-472f-ba93-f979c7eadb61,1
1980b710-e12e-440a-8fd4-0bfab8abc366,1
b9d9255e-82e1-43f7-9b15-5d583ec0bd9e,1
0419b368-b091-4c4e-a6f7-705739f3d340,1
2c2c9fcd-677c-4fa4-afa5-9dcbd9bd5271,1
abc5ff44-bb68-481a-96a6-cd58fdc9e6ed,1
a8672716-6f38-40d1-9a7d-2c4d6df3a096,1
6cc7900b-f558-4514-9a7f-7fc3dc3908b3,1
9c71b159-56cd-461c-a35a-be6b091e6d2c,1
f5fb1fee-4c61-4108-9131-18590b3485f3,1
717a21c1-39bd-4e42-8c80-d24dc0127ec9,1
3fb361b8-1630-4137-8fb8-db867ea2b71d,1
5cfc6030-6749-4840-b781-75f06d6fb46a,1
aa7c3f85-6fc0-41d3-96ba-bb1c1b8400f4,1
3d8614ae-992e-4651-9cf6-79d33055c103,1
fb6d33a4-30f0-4bff-b0fd-85f335e3eadf,1
46c5cdbb-236a-4f52-a28c-c1bcf7eaab4e,1
5e8e5959-24ce-469a-b84f-5336bf4f5f48,1
1020d675-b020-4472-a533-cb7a86f6f287,1
e493d7e3-5116-4438-b281-3efd6640fc6b,1
a30da463-0366-48d5-aac8-9c9f63295cc8,1
81000615-93ad-4d06-8a77-a0204b70ebb5,1
b338fbd6-3680-47b0-8c71-ef6827713af8,1
4019edcf-11b8-4af7-bab0-a18b7b4d5d36,1
fdd00e5c-94a7-44c9-99fc-6112c65a2f7e,1
ff83965d-f019-47ee-856f-bf1b9f37296d,1
a6f496ab-62ba-411e-9536-ae2d90cdc1f3,1
b48166d9-811b-4838-9171-a1256f35d5b8,1
c020eb1a-3ea9-4816-88ff-ada9a114fc14,1
87acf8fd-0bc4-4bd2-a7d6-97296e6381fd,1
34002f26-bd62-409c-bf53-989d11c6d5b4,1
53b18323-713c-43dc-a670-b09d8b79788e,1
7166647c-9ddf-4560-b6a5-137603a55521,1
37a525cf-56b9-4adb-862a-c8152f9a0919,1
f1151ee2-b6da-4939-b4f9-f5f0eaf78e9b,1
4e8ba047-6607-45f9-9576-f37769f4ba4f,1
7fd878d7-e339-49aa-b971-460483530e03,1
efec9d43-de64-48e1-b274-5a5b037d6522,1
41d98159-a67d-438a-b85f-ce967a03d905,1
eb657c57-fa3b-483a-ab95-2720bf4196c6,1
37bd8cdc-e3cc-4eb1-bf5a-691d7d6e5fef,1
1986e10f-5d54-4727-b377-2b059df5e23f,1
6b8461ae-43b2-4230-b078-acf62963a071,1
15f70176-0aeb-44b7-8a73-0671e3d1b657,1
9f3317b4-5adc-4245-af5b-7c289ded2934,1
fececd26-223b-4ac9-a23b-41b88293c124,1
794ed2cf-7126-49de-b190-cb954f216dd7,1
11774c67-59cf-4e10-900e-79519c2e09b2,1
f0f22e78-430c-43d7-9e61-34d402e8658e,1
1e12656f-3314-42e6-8ec7-89568058aae3,1
fff30ab6-fd05-4e7f-8832-149475c650b0,1
36d965fc-d7bd-4ca3-ad41-c6783379ff7e,1
dea4a063-b826-42ef-85ce-7ed767959b05,1
9be11244-db66-445d-bf08-dc84e58331a2,1
92fcad20-352d-42ac-9b57-4673ba7a7e64,1
bb4fdfc1-b55d-4e05-9520-09df794c2da0,1
a7be92c0-efa7-427a-a58a-a8c491705b62,1
654ce456-5edd-4e46-92e7-be2c178075d5,1
180761a7-b9bd-4516-8c54-a004dd658047,1
79961973-3edf-4ed1-a0b7-98351bac717e,1
0e0dc150-cd0e-4b6a-a4d1-f06a7d85b2c7,1
268a7936-e154-410f-b721-ee3e3885e65c,1
a50dddf0-0913-493e-a616-830c41da597b,1
a3d453cb-b54f-4860-b813-2062f36b0ef8,1
cb388224-3e1a-4c96-9d56-cd7819360f36,1
bcf49d45-93ec-4e48-ad44-a70ab68642fd,1
efaaa717-3644-41cc-b860-d58c127bffb7,1
7a175522-3abc-441c-8311-fcb4f9f44662,1
3744d713-acb5-4065-b642-f318e5eb7d52,1
86b4cae4-4fe3-4e26-b7af-e1bc6484a2d3,1
6ea711a5-b484-4ab2-bb73-dbfd8da51bd8,1
bfe860f1-1884-44bf-9f41-eb03db14309f,1
8445430a-c7eb-47c2-9f35-419aa08b3481,1
49325e3e-c543-4784-83b3-81fdb9a6f351,1
f9acfa21-c0b8-4e8a-b89c-f8468c6fa808,1
be9db5e6-4612-4d01-ae76-3b6022a29e5e,1
2ac2fb94-2a5d-447d-8807-4027f538b102,1
193d55b6-a169-4d8a-9d05-72e63af47bd9,1
78d8b2b4-fb46-4d2c-b910-37bd65fcce5e,1
6dcbcc61-d31c-4648-b9ff-de7d82a00017,1
8e16eaaf-39e0-49e6-89a7-21d48c6e87c6,1
2bce2ad3-6998-44f6-a509-40dac079e4ee,1
904cb882-d5d0-40d5-a8a7-ca21297fe04e,1
8d6db95a-7938-43bc-b5e4-475e17d13b3b,1
9c99d473-5c08-47d1-af5a-fa034ce7256f,1
0bf4a92c-45ac-4960-804c-80cd2fe72193,1
3b42694d-bc85-4d95-8e47-44ef791762e8,1
6cf00c3c-972c-4c4f-999e-f659104fc2f6,1
76648ef9-acd1-4d64-8a1f-ecc86c309b78,1
79d092ca-a6a8-4465-9518-e06d7f0312dd,1
60e407be-4a77-45f9-939c-38e7d768b3b5,1
22ac905b-1c71-4c47-a34a-0e35e6a2f650,1
34fb6097-dcda-48f7-97a9-2e957b2300bd,1
b98f90bb-a928-4149-af95-5ab1c10d9e29,1
f3f092f3-88f7-4e9e-91bb-7e7d8ba81f0f,1
3f93c996-77f3-439e-8687-81e60fb0f69f,1
76b47b8a-e2fd-4582-a16b-8364c882fc0a,1
e72eac31-64ea-4e39-bea7-cafad089ba31,1
69746c6a-91be-4761-a1ad-17de4653595c,1
e916f52c-768a-4da8-91d8-e766d4351088,1
24b49828-3db0-4f2c-bd59-0bcdc7603766,1
11ffe628-a497-4ebf-a570-a2b8b62c988f,1
bc5c8fca-18f4-4639-bde1-4debf02d3ea7,1
ae0c4766-5408-49fa-9062-c976d1cc4a48,1
0683b4ca-2ea3-4bbd-9f73-6831075c07f8,1
fa291451-7770-40b3-b9fd-938dd54b7ad0,1
0b22189e-f253-493b-bee0-c6958e3415ac,1
601322da-95d5-4e0e-9f4d-938bfaa0fb0b,1
8ec92655-2c53-46e5-9d67-050653ccbd65,1
9d1a567b-1fe0-4871-8039-48b41f828eaf,1
8f1331c3-9525-48b1-90f8-f162884a096d,1
33b2287f-5afc-476b-b427-6707f9355c1a,1
61cf3fcf-2c32-4f94-a009-24a850c3ba36,1
4cf376f4-8d92-41fb-bc5d-7c317bfbc78e,1
29fdf97f-836d-46a7-af46-e4c86d41b944,1
c98b2a07-3758-45a9-86b2-3950f3569e2d,1
57667fd7-efb7-42a7-853b-3dbb8bf191ac,1
c2337799-de84-4505-b334-f359600a2157,1
455afcfa-45a7-48e6-912a-83a6698bc340,1
73ec9a04-0840-41fb-9320-360ad1923587,1
c9c3abe9-1c9c-4d3c-b158-9704e95d16d5,1
91151fc1-9df0-496b-af0d-26040cfec9f1,1
13d5828b-c28a-4d8f-897b-aa732bec45ae,1
08e476f4-4c20-4a92-a16c-6a022be6234f,1
a5c73323-11af-4c4b-8f57-ad22bf7b4432,1
9ccfeaa5-38ac-4e4a-8817-6fc005de3748,1
27a7fc26-5442-4aae-bd82-d135fac769fd,1
9c3c19d4-01c4-4cfe-8c34-4ac8e0079da2,1
aee28a64-8919-43e6-8644-56a0acf309ec,1
7d8e4817-2fca-488a-a8df-d0c8d8207592,1
2cf6c5fd-4a90-41c1-a387-17ca8c1b4596,1
670f1a19-c41c-48ac-8289-54c03ede0d5d,1
bd7d61a4-00f7-49d0-af72-f828891581e9,1
7146a4e3-08b4-44f9-8a90-59e2feee760f,1
71fe9748-590f-4a79-acd8-75b9e4c3dd11,1
fc541440-9433-47ae-98e7-420df88c6ad4,1
edbb2b7b-d56c-4aed-8789-0a85aae054d6,1
8d0d4315-cc99-4976-9ddd-b83c988a0b65,1
adee259a-22b3-4865-bf70-7f8d3e1cfecf,1
a5d4c628-0aaa-48c5-aa19-7f676c243d55,1
769dac2d-dd6c-445a-880d-20b55cd45d6e,1
fc5f1159-f26c-4a11-8980-ce7cd3808d8b,1
54338dce-e4e7-4ff1-a2cb-0fe92f01ef03,1
927bcac6-66ec-4015-96a5-9121d2664103,1
c3ce84e2-e98e-433e-a087-c7b63c919390,1
499106e1-15f0-4f51-9d54-77faa6a6e9af,1
a641bf12-db50-430b-9c8f-e5712c5cda06,1
accb7cca-0037-47c9-80e9-1d7a5c327572,1
2ef99e7f-3c47-4860-8413-36265415db01,1
8c5d9dcc-a01f-42a7-9626-0dbe90134fff,1
cbdd47ef-45bb-44c3-a66e-33b8387f9229,1
19b4c98f-2b27-4bd2-98af-35a5062fc539,1
8f330d65-7666-4caf-9cd0-36ba5d42d47d,1
998352c8-dbe4-499a-8e58-38f592800d44,1
ae5f9d71-b324-41db-af33-9a18d20a3a46,1
91350bd9-5389-497e-8c7b-f7a0a809ddad,1
b7233419-74a5-4c0e-a480-9e979d032d54,1
84b19b37-394b-4408-b948-bb977875f6f7,1
9a96fe68-19d0-4bcc-a20d-77ec86f6ab7e,1
bea712e4-4205-4537-958d-d9c69f736d3e,1
249df300-6a11-4089-a84b-3e5683de3ceb,1
2b8689c1-212e-4a5d-ab05-02839624937f,1
2a93a0b5-0b4e-4424-a078-e2bb94fc3a03,1
a777a466-4d20-4064-9c49-e6eedd03bc7f,1
b550de2b-268f-4f1d-85cc-bd56480c7c8c,1
e3491d1e-9e28-4855-a221-0eba984b4323,1
98378d45-f002-4344-a4ae-bda12d725a36,1
bd2c2986-3898-4311-960a-0e7a5a2b3c98,1
d27223e1-1b8d-4241-bd5f-755ad45da6ba,1
06e80634-4f5f-4400-a989-4ec744b1a5cf,1
af050889-ba5a-4bcf-a8cd-67ce6ceb03aa,1
3e36a26f-c5bb-4493-b4be-72db53043cd2,1
6f720a8e-9da1-48ca-b3c0-d36a7c467ab1,1
20455301-57fc-4386-8108-1599386ebb40,1
d93ef5b4-ea0f-4482-b0e5-7fe0eacbdc22,1
69462a79-5882-4d56-86e4-a247c9c0aa1c,1
fa7f9a7d-ac31-4742-b72b-79f0201b4790,1
48037cae-e987-4624-8044-4ce5a4472dc7,1
0ce23e60-5091-4038-b806-448e2ff0a593,1
6d504055-e576-48d7-8d3c-ae465f48add6,1
2a5e931b-5a18-4dfd-975a-0a78cb17da72,1
59b56514-eae3-4508-b8a2-22ed876c1302,1
0773c76f-1659-4746-8d4d-dd4a7dfc4292,1
90b9fd12-94f3-4203-a85c-8c6c0e76ef6e,1
60e1d613-cb3c-4226-ba05-5e841e51a35c,1
39e1819e-308f-4b46-9521-429569ba3c80,1
a5979f3b-0032-4b31-ae52-75df79aceb5d,1
f0902fdb-c601-4b8d-9a1e-ba329c0505cd,1
2aa9d73f-896e-4bd9-a325-4d48bb86c34d,1
6f2de3c6-2f67-478d-a904-2f27267875e2,1
7650728b-1e97-4cca-b5f8-6fa1179cf8b8,1
6a0d7102-66de-4f15-965f-119b16fbfff3,1
a12edf20-0d5b-4e87-8d0e-29dfb8a45477,1
4c00c4ee-8f41-4f49-8a71-a48319947598,1
d58127c5-44a6-4c9c-8a7d-f85ef0d95dfd,1
d0084ed0-c034-42e0-9415-0a0b18e80917,1
085ead37-71ec-4428-9336-4ed8e8d23fa0,1
b0986efd-f764-4a9f-b464-d4a5b1b5a2ff,1
666d3bf0-e3e9-499c-92c7-03cc141a2510,1
0edfd711-dba8-4a42-aa16-d1cf4a8cad2f,1
017b21a1-3fcb-41bf-a51b-8fd70aa43fa5,1
eb142040-54bf-4f24-9705-b113d7e68cfa,1
d949a533-2ad0-446a-bb4d-9bca9147bb96,1
847898a7-6477-4b15-9d59-acbb318221f7,1
0e62e29e-e5f2-44f4-8eaf-5ed49a8edf50,1
fd67208e-a25f-447f-b2fd-cff6ee291d38,1
f485fe8f-6f7a-4d7a-9fe5-fdfc8eb525ef,1
ee7f4ffc-d450-4c11-8fe5-dfb32fb11b6c,1
bf4d5d13-899a-4807-8713-8b5d9f4af62f,1
bde770ec-e3a9-45ce-9e2a-0616fb7e233c,1
8816e7eb-4839-45e7-9960-61ecd39f900f,1
9f0f74a0-55d8-434b-a471-5a756156c347,1
c5e471a4-baa0-4215-b5c0-178291c7bf97,1
e0a015dd-85d4-4f44-aa8f-f7c5472e8c62,1
afac102d-a9c5-4c14-9a28-2c74b754ace3,1
371660d7-057a-45f8-847a-fc435e7974b7,1
06ec5eae-90ec-4c83-82fd-033969cbeba6,1
f008bd66-fb2c-4b33-ac55-782c0297ff6c,1
11b1b7c0-5483-4a6d-ab13-05bc8f990760,1
06218d97-fab9-4281-83b8-9c25f089966b,1
6a20e31f-c26d-4e64-ab7b-4a1f0c8adfe3,1
a411b1a2-666f-44f4-99f8-b34c86fa7b1e,1
1b97a553-2ffc-4456-bfa8-f4ce0a67df10,1
5f49e6fb-abc0-4f3d-bb35-542f9ec6b2c6,1
92379bd7-e314-4aa7-9987-6c17b8858711,1
d71afe67-1551-46f0-9dd9-9c38072ed0b2,1
ad970ee7-3b13-4e7f-b83c-79a07273a860,1
97354cc4-6149-4ac7-830f-4efdd7388523,1
974f7487-73ca-4f04-9589-05497e5d2e4f,1
89a2c3ad-a09f-4ce5-a4fc-1226fd628ef3,1
5cfb945e-577a-4b21-a940-8843a79fcbf2,1
07ac60ac-821b-438c-8292-0bc7563896ab,1
b9e35bf9-6974-4095-be9c-5fc353f2cfdb,1
880724f4-05a0-46a8-8116-c4da837b5dfd,1
2bbf12c9-acd0-40f0-b78c-2f9e08528093,1
df8f3880-9bb9-46d3-944b-925ce699db3a,1
ef9538e5-1979-472c-ad30-f04c565b7cd2,1
8f6ec276-a732-4760-bb28-70df513333c4,1
9d106dcb-2ba3-475e-afc2-fdb849e41881,1
23b1a533-f5fc-42a1-bd74-bc3de24df234,1
4e7ff350-a863-4bb9-b6aa-a91e617507d8,1
ad68b399-f5ed-4c59-b2bc-553a8fc92626,1
7e830a18-318b-4cef-861a-4f4446e90def,1
32f4583d-aca2-4787-9bac-8fe903b2ca26,1
8d75ba08-9df8-4a30-a7ca-1fad6d7f1e6c,1
130e3363-42ce-4eb1-9f09-df3b146adcd9,1
1616356c-0ac4-4d27-8ff4-c139062e12be,1
65804a55-38b0-4a4e-9da9-08b2d53ec994,1
73a0a5d6-b49d-49e9-98b3-7ec6a6cc328a,1
03bacb6a-fdea-4d4c-ac41-26fcefd0aa58,1
af47a111-19c6-436c-8a54-49264c42b042,1
e1f1f7d3-04de-408a-a4de-94ceea7ade05,1
d6c2260a-35aa-470e-a961-4713e09d49e9,1
8c0abf24-4086-41b6-9aba-f1058946a9a1,1
05b98a16-7bba-42e1-b90b-3f604929f25e,1
62184904-2633-48df-8fae-91f4e397005b,1
ecbff904-6267-47b3-935c-839efb2ddbf5,1
93b38045-7f18-4d6e-a326-417a5b149a3e,1
bf257fbd-e104-40b0-a44b-921112702e58,1
08523fa2-7d65-4476-8fc4-c540dac32164,1
bf6eb0b7-0b8e-4e64-8e88-ae692bb1c2a9,1
2e0584bb-be23-4417-a52d-96c431937d4a,1
cd4cc8bc-ab8b-4a3f-b373-dff1da2a4225,1
ff57df4a-1c1d-4f6d-b5cd-0ab5c4fc4663,1
3cb76fad-d7f1-40ab-b4a2-cec207858561,3
ffbe86d5-2b06-47b3-816d-8d87eb877adf,3
5b4d3fe4-ae86-48e6-9c5e-7dd6584a4829,3
ca51d001-b440-402e-b40a-4479439627d3,1
466ac2a2-3c0b-4508-b829-4a6f88b4d596,3
534a0faa-472c-4e1b-ab54-d24d47ac0312,3
871c6573-f995-4f07-bd7c-0d67fa9ae56f,3
ef33f5aa-65dd-425a-bc99-ee41a2ee43f0,1
28d03981-47e8-4782-83e3-cfebc5a566f7,3
5b4622ff-aadc-469a-9dfa-6817c9f4abcd,3
64658d5a-87a3-4070-8dc8-92ded30281f8,3
ff958f25-1622-4cb5-88f4-a508af253d07,3
705c987e-4609-4cc8-a090-73bdda32c84a,3
0a2f3cb4-a13a-4519-b3f7-a613c1b97eae,3
f84ce865-f7c9-4a73-9a0d-a9e36dd3d375,3
84144140-eb07-4cb0-adef-d43fd8e77f25,3
2d28fadd-5b3b-4f88-95b2-ad1df731b4af,3
e3c571c6-e112-46e4-b7f2-b659d03d6120,3
5bd19925-bbc6-4346-a54c-9e939bb0249d,3
ccaf2b77-5607-4794-bdb3-e13697d9c91e,3
4357bf02-44e0-4516-b3b9-d61cfae2c708,3
55944e58-9c45-4d2b-9cb2-6baeb41b4063,3
96e58e35-7a93-4251-95c5-00d467955ca5,3
c32f587e-3a68-4ec1-9386-434178cbe510,3
c6c4d343-8557-4ae6-9fbc-75a579275ece,3
5deef1c8-6df1-4aab-ae66-14703d4c4379,3
86475dee-fe19-466d-961b-cd6c74d85877,1
38519081-7a0f-4ef2-9af9-ef90e18253f5,3
4ab1e7cb-2d38-49dc-b48a-4bb3ffc08650,3
523929b4-abf6-484c-8376-4a37c435a553,3
cc0f6d4e-6b8e-4837-b2ad-c427fc52f51a,3
e8898f28-44c5-4311-ae18-3bd029b5fe26,3
ec04ecdf-b0f5-42cf-8d46-e220c4e98b9e,1
9c9625a3-23a3-4080-b7ee-a1a5ae0694cd,3
c2548659-15f3-4fa0-bda8-d7b992398bab,3
28e9d58f-ce1d-4d64-9fb1-bcf27a369400,3
9dfab10a-ebbe-472b-a444-b63025d0582a,1
ff0ca63c-0049-43b2-8249-238d655be6eb,1
bbd7fb47-7a2a-4cb6-923f-afc02e3f79a3,3
54ac3122-56eb-4ada-a443-be282775e6c4,1
1da7fe96-81d4-49d4-9c76-5a509307d1ac,3
8c128254-5a30-4cb2-a37e-cbea3c41bbf1,1
d921c185-55cf-46de-a8fd-a3abe42986fa,3
249c5b40-01b0-4de2-88a3-f61b74b24bec,3
2b78e86c-8d4e-4628-96fc-d88a8f53ae5a,3
2288bc3f-935a-4572-8c8d-9db6d121e51a,1
b4699fde-0a47-484c-b960-81bc46023f73,3
6a186cdb-2f0b-4073-9cb6-d55217d19f84,3
319147ed-1a0d-439d-8e57-a5bde43aea6f,3
052d54b8-6bd6-4de0-9ea1-0fbe998c0304,3
da5744ba-7088-4ee8-8ab9-ec205fb50465,3
bc76acc3-a579-45a4-9ae6-a2f229a5986a,3
77164426-6198-4913-ad8d-38e43105c004,3
152cc2be-8728-4d09-ba0d-796d165da75a,3
1d2ec48e-61f0-4e80-9b13-553c7c586b6e,1
830fa97c-5747-4392-84b7-45d1a286fb6f,3
7ebdaf57-cc64-4781-906a-9010bcc5565f,3
1c025d48-91cb-4cb7-8a65-a6f180c2ec0d,3
08bdce99-4f91-4452-a080-7d360fe19614,1
83a03d66-b609-4915-89ee-6e5a0d6d1136,3
7e188b49-b769-4f53-949d-94c18506ff81,1
df1525ae-f93b-44b4-80fc-9de9ead82c3b,1
e9d308e8-9e46-44a2-9b26-551b60d35db6,1
2105b212-eb3b-4119-ae7d-98509d78c23c,3
017f5333-1e60-415c-8035-97a0dae86bf5,3
ab6fdf5f-8261-4e1f-85a1-cb141101cdae,1
7457865a-3d9c-43bb-9f61-23275131edbe,3
183ef1b8-6d49-43cd-957d-8cf68fb6d3a0,3
f4efc2ee-2eae-4f34-a26b-5331b0895814,3
c5a6f1a6-304d-42be-b363-483f8a235534,3
2d92183d-0608-458a-ae8e-b2a32f466ebd,3
1210e0ed-04ea-4237-9315-9c3cd027eb3b,3
76b6b378-9587-4f7f-a295-9ba33c12842f,3
553605b1-07ed-4a88-976b-ab436defbde3,3
f6ac2fac-af96-45f2-87b1-7c06c3dd3386,3
cb2afa8d-b7b3-4638-8613-162b0eb9cd58,1
57056959-e230-4ec0-ab8d-6093dbc313a4,3
cb688197-8d2f-4493-8726-b7eab02950ef,3
120e1b3d-ce72-46a3-93f4-cdea190c7711,3
95ab2292-65cf-4515-9a9f-16fdf4b8b4f4,1
bbb794ca-b087-476b-ae90-6a0a4d015c68,3
57432b97-2932-4e66-8df7-aebd25a7d797,3
832abd17-455c-4a41-aea9-97386ed40c91,3
8c760cd3-b24e-44c6-89a1-466f9480369b,3
55cf5e0f-7d10-4065-967b-2ceb7855d63b,1
40ee55d8-718d-4dff-8829-a4bb4a6209cc,3
f0ec02d1-960a-463f-92ec-0b032b88b3c6,3
bfb121b7-475d-4148-b850-5ea4d64d4a11,1
53e76e88-7cd3-4b23-8ce2-a4a09521a705,1
26dc511e-cb6b-4d30-87af-d68d6a6e1e17,1
e4ff6619-0117-40c4-8d14-6cb2a10f0976,1
804b1f83-7433-4709-8651-40333bb9f471,3
ef2602d4-b4b5-425c-aab7-33590696d5a1,3
ab05537c-4ef7-4abd-acb5-248349bc25d7,3
7e7e42b8-164d-4d4f-9ec3-11901c48574b,3
6e431196-6d18-40a8-97c5-a36bbfdd9f6d,3
05b8451c-760c-44cf-a589-8658f7afebee,1
5c2a6f37-9acf-43a7-97db-cca436e9cb87,3
c13760e6-b8d2-4cb2-9904-7fbf943cd555,3
095a7150-0c3c-48fb-93c3-611029d6a4fe,3
45cf3791-f3e1-4a89-8f28-4a99fa5d3951,3
7d544a6d-4836-4873-bd78-e01925418ff8,3
41bd3368-c23d-48c3-b6de-3aa787994464,3
e64e2da7-2423-4005-bb9f-75fc967dda8f,3
de38340d-330e-4319-861a-116fee8bd1b3,3
bf5a193b-ed24-4ac7-9a89-778cf8376e37,3
1c831c33-6b18-40f4-9149-74f7c694135b,3
d35e83ba-3a55-4915-9157-3403c711a253,3
0d981deb-0aa0-472f-b14a-94eb5d924a63,3
fb3cc36f-a041-4e8b-bd74-952d5ffdd8ff,1
f2260dc1-5199-4427-aa75-fa9aa6a04c37,3
fc14d946-b934-43bd-8e0c-a6f7fbe8bc03,3
9c6bfa4d-0971-4b10-a391-e7e6d2123438,3
bb0a90ba-349d-4580-8d93-16441e896f24,3
0b254221-6b20-4dee-b6bd-ff7a6421433c,3
ef5aaea0-3f7d-4caa-ae8c-2facb3d8d61c,3
550945fa-3a5a-4e7f-8ffd-4c72bc3567d0,3
02a17837-60e5-4b31-ab42-1972339023dd,3
b952c267-0461-4541-ad63-dbbedc2a762e,1
faa4c140-9c1e-4c45-a162-79676c0a246a,3
ff6960bc-8ad7-489e-a666-acef934a4dda,3
dc8724ab-c48c-45af-8b4d-bde872a86624,1
3ba61cff-340a-48f7-8a2e-726492e152c7,3
f7b6a1f9-bbe3-4b23-9ad8-e78bce65249f,1
1af52d48-e4d7-4e19-a1c0-1ded8c130762,3
dc224d59-b8f3-4fa1-88f4-8bbd3a2488fb,3
a0fcc5a0-8568-4f17-89ad-d2d5589a07d2,3
add723db-adec-41de-b78c-dbb5d5d61876,3
b1c8ce0b-5460-499f-bbd2-1e82f376e84a,3
3f7a6bc0-cd47-456e-b33e-f506a03a5acf,1
8a0690f3-25fe-4ca2-afcb-7676137e3935,3
fffc3b33-1470-4324-8fd7-aa6192d8beab,3
8b2d3cd1-52a5-43f0-8caa-41d380b50232,3
4a293215-a932-415c-bdb2-96add464105c,3
192fe75d-3296-46f7-bbee-217e7bc85b4a,3
d4628b8f-eb86-497e-950a-e52890ff61a1,1
ba537c7d-559c-47dc-ae00-1ede3f4168a3,1
68151670-2277-4348-8f5e-4403fcd9b0fb,1
69bdd87a-0585-4d58-a80a-c69102f6ec81,3
37a2879e-d1db-4106-8f41-e0823282e33e,3
591595d4-12de-4197-87b9-c35b52b3fc84,3
c906f3ae-8660-44d6-9e7e-5a2713522fe9,3
d45ff4d8-633e-4f7f-82b9-5d259c4cc71c,3
c017915c-dc24-408f-947b-bc1297ad1178,3
cf18ce4d-7f2a-4a44-b8d3-50fa3b06f1c4,3
83be53b0-fdec-408b-8603-2be371a3ee8f,3
c4fc2e72-84fc-4764-a981-d51005cce7ef,3
f551821e-1b8d-4753-a9ea-0ba98b717e3d,1
1f7639bc-bb37-4ae7-aaf1-f85da8e4c77f,3
ca2f3df3-7358-44e2-875f-922c3bf17cff,3
79d25d6c-5c01-4af7-80e7-1bb3fbb8cca5,1
33d535e9-c322-4265-9ea7-a744f7fb2df2,3
d008c7b5-53fa-43a2-8920-c11fff39325e,1
46dfa060-3f84-4671-8ef9-f9bd15da4f57,3
5eb09869-262a-47fc-9068-e9821d42a68c,3
0cdc7de6-3cbc-4a70-8645-e81eaee6ce8c,3
16d7c6e8-b74a-46b1-961c-2538efc67072,1
d399a282-f6c5-4708-ad09-af03fd1ed6ed,3
ff18986a-269c-44e7-accc-01b0b949eb7f,3
26dc0a54-e6cb-4640-88ff-07127b993c02,3
50686e9a-1ba9-4ecb-9e70-3b093470aae5,3
e7039457-6880-4bf6-8568-fb6152c04df3,3
c3099371-912a-43bd-944f-1c97279bce41,3
eb3ec684-65e4-4616-8b21-1b267bd18c63,1
b45ff82b-c283-43b7-8797-4ecf0464967d,3
8d4b74b5-161c-471a-b6cd-0833f6202674,1
4bfed583-57f4-4835-b29d-3a370b4271bc,3
03750f1d-4657-41a4-8f18-d0891b3ab4c6,3
2a070e82-57e4-491a-af6f-60bbe816b8db,1
f627480e-ca48-43e5-affa-e637d1dca6df,3
271b7d5c-3309-43cc-917c-6d7bcb8a998d,1
63fe7cc1-6c7c-4966-ad18-3c58240d901f,3
5f3a55e6-ae6a-46e3-9745-ec8bf84fc36e,1
755b26b4-68c9-4273-bf48-8919b4aeff63,3
c231e057-a5e2-412d-b993-de2afdfac9e6,3
5f33e901-213f-4832-8b61-eed1f462781c,3
ef42ffaf-fa38-4a48-adff-8476776d29e6,3
c307904a-97d2-4cca-97bc-c64fd0159591,1
06254a30-5e81-44ce-b8f4-57ab3fe6e273,3
47e261a1-bce6-4aae-a3c9-19ff8a6587e7,1
1511bfa1-c3ce-4000-9fb7-e3eb5f6fdab5,3
59696286-a017-43f8-bd23-68d7c0ab17b7,1
02ff39d7-2139-48dd-b0a7-398e26e1706f,3
cb49ccd5-1a84-4a96-9f31-9fb4a7c4ad3e,1
309e5d87-1dd8-4585-93f5-a10fd6858aa6,3
44112a44-e5e0-4af6-87a9-a9c673bad98f,3
643eb8a6-ffc4-42d2-8500-f119542f0a9e,3
362b9fb2-a854-49e6-9650-c6e5884c7a87,1
3a1537d8-edcd-4683-9b9e-66e3fae111ea,3
1a0968bb-757c-414e-bc8f-4a430eaabe6b,3
017f5b13-b130-49c9-ab3f-e45fbbd33c4e,3
70a14257-41e3-4527-9a6e-ce472a03d31b,1
de542c16-3511-4bc3-834c-d75055a600a4,3
012f23fc-acc7-4682-bb64-efb93b774306,1
898d9336-f309-4eaa-8715-c22a8ee3cb1b,3
1d92b054-2a62-49d1-9eed-db8b4e7730c8,1
d6b749b6-4317-4d1b-948e-af75813eab06,3
4e67246a-0553-4fa4-b4a9-ab4f16681069,3
3cf09c50-1942-4af1-8331-8fb0bef3bc11,3
bcf0c588-441d-40c7-bd40-190ca19adcbe,3
dc59d74c-09ae-4ab2-9fc2-115b9d83bfaa,3
18c326ba-7560-4c1e-9143-e7ff47ea2fc1,3
d4316453-16c2-4d27-91d0-98bf6c320120,1
2cbc815e-064d-407a-ac27-606deb1bf8f5,3
13bb1c82-81cd-4743-a2a3-fc577d3ee466,3
80a6ddf6-e149-4ead-a1db-2846e4396aed,3
4f2b2ffe-4fc7-40c1-8456-0c3dd305b972,3
d562d7d6-d8d6-4202-b7c8-ac216aa6f08a,1
c9b7672c-d5d8-410b-adb1-73928b7bc84f,3
b409e313-4568-427a-bf63-2b5a144d7282,1
d13583ae-c75c-44a7-ba4f-014d768597b3,1
910ff290-dcc3-4820-b64c-3584275499ff,3
f14b9f3c-1c56-4203-b83d-85c2edc47ee4,3
79523f64-421b-49b7-9a16-0b46d93adcd3,1
179f8331-2864-4676-8af9-1c9f6414d269,3
1c6183a8-fd10-4ac2-96cf-ad1e983d27a1,3
308c8f47-58f0-4e72-b7be-daa0876be6fc,3
84b0208a-29f8-4b22-b326-9bd2ffc43466,3
21b577ac-8afe-4f14-b11b-897340bcf6d7,1
343aea99-fcac-48e7-be92-87dd94043f55,3
f05ff5f2-8d30-4b95-a326-10ef5c40202c,3
f592929d-44ce-40f4-acb1-41ddbbd806da,1
56bd9247-d833-4b58-9692-d2a19e32b733,3
42b00dc8-e352-421a-b64b-35aa27b66d05,3
b239ba03-afd6-49bc-b4e2-baf67f856269,3
18521089-3830-46f4-9899-d676f2469cf8,3
4f75cfe5-03bb-4612-bea2-0cbd4acd3a96,3
0bd3651a-59b4-4aa5-aeb3-bc39279df0e3,1
594793fa-474c-4476-a157-82b83f738cf8,3
9a6a7174-c548-45e5-b557-6b6f0cc12ea9,1
40ab7ce9-f6db-4d87-8b20-a6c5c8c42f62,1
54bad249-3335-4718-8fdb-586b7bd5d189,3
6f36a2a5-586d-421b-9c68-2491b177b33b,1
086d001a-c5bb-4905-b5dc-43f5df20d2e7,3
518d85a9-5330-46dc-aa61-ea727f1227ce,3
414ce12f-d7da-44db-ba34-65e100b909a1,3
7225c464-92e0-475d-a06f-3261c86484a5,1
a5f367ba-8d8b-4c99-9aa5-99887c990b12,3
f2ab7a2b-443e-4416-9a63-1157fc0291f7,3
f090a0cb-913b-4146-9785-42fc9e60688c,3
04ab9a37-f9de-4bcf-bad5-d82ff8d5f150,3
8b14fc6c-4711-4463-a13a-921febbd9866,3
8ba795ea-639f-4f7e-b915-64692e1b18b2,3
4c20045e-7db5-40ef-b3ff-a93d70bd1b1c,3
b24b2d21-bfb8-4cf5-a40c-382f31c6911e,3
5eed4233-af68-4ea2-8260-ecc4da44cf0e,1
1fc91262-0272-42d7-8d7b-729c9e449c2e,3
b14f8727-a1b2-496d-8962-81a0d145d79b,3
703bcace-1022-459e-83a6-4be38e0d9931,3
a6e96eb8-9ce0-4bd2-9ea0-e1f5b9325167,1
b22d1c2c-6f25-400c-ba47-c38130c5b359,1
fe0295a1-c1db-40a2-b4ed-5bb56a5821ad,1
d5730fb8-3ea5-4e21-a436-23eefe628d6b,1
2a1067e0-1bcd-4414-b711-c61d13fb4808,1
db520573-e096-46ef-8398-368774f67e19,1
4465a7ef-66b3-42af-8b08-1a536e1faea9,1
a619196d-c0ff-4982-8339-a898bc58e8a9,1
43600031-c308-4328-a9fb-882558da2b7c,1
fb6b8c30-a957-4284-8a1e-e59c8fa86dec,1
a53694ee-c488-4664-9b0c-920f3ead6204,1
952514d1-2be2-405d-8671-77442d64b7c3,1
a0101e12-98a8-4441-bd9b-843a12ccabee,1
dfa7ddc2-f29c-45d6-8749-8d26c7381dd7,1
e5c98591-9a68-4d47-a67f-0b657b7cfbb0,1
e219425e-fdb5-4c4d-aba8-e3c6d1687a94,1
82579cbf-0624-4c56-93ea-f92480cc9405,1
833eb7bf-f09b-4dc1-b25e-1562526a57c0,1
c532b650-ed68-44f1-8ce2-502ae1bb75b4,1
261804c9-2d41-4225-a5fb-7766ebef2046,1
594e172c-6ed3-434f-aada-17367a2ae54d,1
f3c44491-16ba-49f8-acd1-790da81f280f,1
18d7f691-b631-4a64-84b7-6489dd175a44,1
59f4bf06-af05-4026-8a96-ec8a99e69b7d,1
d7e1fb2c-7fcd-4b36-81de-e7924495ae21,1
f65a7c58-6cf9-4325-88b7-d8e865bcfd97,1
701a7150-59ef-42b5-9e0d-3f532e3e1d1d,1
e50cced9-9cf5-4dad-bb19-712dd8ad3849,1
0f13aa56-6556-4482-8ec5-bbcddecf6b63,1
1135a1df-c45a-4eef-8c1b-4017ab1d6af8,1
25e58421-f872-4e4a-a675-11988231a67d,1
399440d8-4692-47f2-8e35-b523c53e6540,1
4bc29c89-bf46-4d31-bd01-3810994d26ba,1
9f4c16c3-cc35-4604-b01c-51ba8e09b1fe,1
13a772e1-ba0b-442a-ad56-591089c3161c,1
894e8e4f-7fa1-40fa-abbd-c1caea7f20ca,1
a74b6d1f-413e-427d-be26-c364000375e5,1
819101fd-1233-4c17-8506-90b95327f1f8,1
f8d97d79-78eb-4511-9cba-3d3cee613e93,1
755d624d-9bff-4987-8a77-0b31c1a51201,1
b8f4daa9-53e2-4f47-b222-eb76a9ea3734,1
5c28f897-6f79-42f8-aa3b-20713fc9fc50,1
be2b4c6e-26fa-442c-b6be-92c63913b96e,1
7312f5f3-0dc7-4bca-b16d-db460a32f8b7,1
a3201d7e-c26e-46b8-9319-d1d1233d2394,1
b0267ecf-1679-403e-aa48-8fc5347e695b,1
ad291538-3ec4-4dad-8c00-f85f18bfdd02,1
ca07f535-e4bd-4a2c-ae60-e62d7491e928,1
e5bb7999-ea3d-46b0-a812-9b095f7c0b44,1
0926eaa9-f45b-46a7-ad09-591a46c905fb,1
140449f8-d329-4c13-bc9a-4ed89840202b,1
32aa7713-cd44-4e10-8c55-077170b3dd62,1
cce071a8-9da3-40c7-aca0-34ab27302a41,1
550af115-fa35-4cb3-b3f9-75a5d19acc1a,1
b9ab68fb-7452-4a4b-b8f0-1e47469be194,1
dfc72797-6b3a-4544-aa55-d130575f73a5,1
542d0fc2-7819-44ee-801f-662a7d665d78,1
6b1fad99-b83a-4418-8dcc-1db325c1a045,1
8ad65af6-cb13-45b2-bb3b-f057712bb6de,1
2bcf23c2-7f02-4b95-93d7-c7e26b707a17,1
a29f44c2-b218-428e-86b1-4d9719901d72,1
8b1a06bd-9d0a-4e21-9de8-3d084b3a92e2,1
cf3de12f-0731-4bf4-ba50-39680c89a3db,1
4c15a2ee-ca46-42b4-8f30-90d32ade0dfe,1
39379fc5-6a42-4b0e-a3af-e4b658ef70c0,1
eb455664-be77-49a4-86a2-f42f7767f68b,1
9e8443ab-8b9d-43e8-958a-12f43ac4e129,1
31c4a15f-1d96-4cee-b6c1-24028ae1aeea,1
507cc2dc-1740-4752-8e55-c1ddc1fbfdbf,1
93795091-83ff-4705-be22-d75cf9b2f76c,1
fc7f9360-224e-4d3e-b07e-f91d9caa4ce8,1
b0407ccb-a7d5-4ce7-a623-045e85d08ce3,1
2cbd9e24-d936-49f6-aa2c-9304e571ebe6,1
8a866e8e-b745-4950-9ab8-b4914decfc02,1
629cae3a-0b3d-4f7d-9efe-c676600723d2,1
8a9da985-9e0f-4249-806a-99dc4a6f7591,1
d58fe939-1230-49d0-b79c-5db565fe93e1,1
d5514689-ea21-4084-9218-216b8618139e,1
8b4a38e6-3c4e-4213-a8f7-29b3dc4334a7,1
e3f69554-9de6-4eb7-812d-2ada8ab11682,1
d9fb256a-63ee-42a8-ace3-1a478cf68e51,1
2e1c2f9c-d7f0-498c-9775-aad3ed97a97f,1
bada5962-66e9-4fbb-a08b-f0710f5bfc11,1
bbb4a057-1526-4bac-8243-f96c1cf5b76c,1
18d57bb2-caab-496d-b287-677a64611728,1
ca99cc5f-0da5-4581-a58f-4276ff16c5ed,1
c6996a94-1ce4-468f-8a38-82017da14f45,1
e2bc82a2-599b-441e-abf2-f53398ac2143,1
cd3efa57-3e5a-42fb-af5f-a5e696b3f9a2,1
3d188dfe-4f28-41be-8e03-cfa9f5148210,1
8c02bba4-0682-40e3-a55c-783fbc199c13,1
b6ad7eda-ba45-4e03-b981-8fbcc8529e3d,1
954ad87d-53d8-4ca6-8008-51910e700add,1
1c6007b4-c08a-4b48-9656-2537288c643e,1
30246220-68c6-4ab5-bd71-68e8876e2d49,1
ae87efe2-7655-4171-a7ca-b137af8636af,1
7d76f140-9523-4da2-93ed-9154ea453ae9,1
58e10306-279c-455b-a554-0108941e7b51,1
29a3f71b-9f24-4fd6-b49b-39f378f54765,1
ac7f580b-6c0c-4406-88b9-4ea69e60cecd,1
0caaf8e3-52d7-41b2-b90a-3db80df50ff2,1
748a3ddc-5f32-41cd-ae01-37dc34e0983b,1
8ff7abe0-9ac1-40ec-a198-0ed3ba845e4d,1
68c4f040-a58a-445c-b4ec-49bfd75d2f51,1
22b9fafb-2c54-4e20-ac39-ca9b35cb0d59,1
b9121aed-0acf-4b3b-96d2-7a7c8e148f3a,1
4c15535f-5b2c-415f-b404-29faab8a8d96,1
1f1c4ffa-bdd8-48aa-a75b-3a479798bf08,1
6daa793c-0a2c-4c11-9b03-3c597818cc8d,1
7646a6ad-d995-429a-b7e4-01e62075906f,1
0c2ad788-22a9-4072-ab17-560b08e1294a,1
faa08e55-5d25-482d-a6b6-a42e89e3390e,1
eda080f3-a56c-4a3c-9e98-959fb639afb4,1
5df5f69f-823e-4ef8-b114-5069229ceaeb,1
b197b5c5-0bd5-4b62-95c9-dc956fcdc122,1
b3aa6a47-5fab-4d70-9b34-04af87262bb9,1
c262bb8b-2007-4ec0-abdb-5a9a345a50ab,1
272a79f1-e37e-4a12-91e8-2ed7384e619e,1
0d8492cf-5357-428b-98ec-184ceee83cc4,1
af4e45d6-3cd7-4be4-b9e0-96e9a567b6ef,1
6c815de5-dece-490b-92fb-b223803ce374,1
9f7259ac-1efa-4351-9b50-f2b7bbbc0606,1
e479c186-df83-4ff6-9abb-a46768b98f43,1
d1f0d285-9978-4b86-ac4a-f9922a5dcce2,1
9cb405aa-74b6-4c6b-8812-bfb5b70b836f,1
7a0dcfe6-4d70-4b28-9bd1-9cbf3964f15f,1
9dd290d1-38d7-4f97-a6a2-bbfa1cc1f21f,1
1186054b-275a-4f0e-98d7-63907b5964e1,1
45addbe9-b55b-48f1-a204-29f28e9b149a,1
613be33d-75fd-4e24-96c0-63100d4438e0,1
df6f7bb8-38f6-4f74-a83e-73b0cf8a4e3f,1
cc63ec5c-20e5-4751-8ea5-1335d5fbf8f9,1
ffd34dff-b609-47cb-ab2a-df3b2b8c7259,1
64934efe-c708-470c-b95c-858fa2956e2d,1
897d491c-7466-4d62-bf7a-e2200bda7776,1
95811357-b17a-46a3-8852-16d58eb97de0,1
01e164f2-a665-4ebb-838e-dea87c3ad1c9,1
d41e7deb-21cf-4d2d-a20d-30a318f33b94,1
2f688c74-2abc-4ad0-b648-ed3851300de3,1
92cc98ea-17a7-442f-863f-d9934eac5eb5,1
e31fd998-649f-42d7-a79e-56169e4a7fd2,1
b5c7e587-4fea-419e-b3c1-35a2edefad34,1
7751c095-a5fa-42e7-b8cc-32667fb9780f,1
06d1d77c-d78b-4f51-b11e-4adba3f4ee84,1
779c2fdb-af37-48a6-a595-2bf249b7014b,1
6561fda0-7140-4024-9709-b22aa0542a8e,1
c219534d-7402-46a6-90b9-9ef4b2eb6b27,1
669192c7-2f34-4656-9714-15eebca00cfa,1
c0858e35-fa4b-4f81-878b-aa6d5afff08a,1
433b951a-926d-4992-8b96-5953de4e1665,1
f2bad26d-6951-460f-9102-01e7ec4535ba,1
8d6fac5c-a6a5-4985-91fb-342c37d0fe2d,1
f0805918-8b02-40fe-beb3-4f68a8569bc7,1
9614808d-52bf-466d-b5fa-d96d6111d28f,1
b8d461fb-e156-477f-81bb-3a2354cd61e9,1
0de5b006-af12-41b2-9075-5ccff38ac834,1
7416bfd8-26e4-42b6-b7fe-a7c8f7f85be0,1
67cda5dc-64af-49a0-adaf-99b7c554b3fb,1
860738ff-e822-4820-a9cd-04fca01bea94,1
7621ff38-2790-4e38-85b7-1b2a49a0aeaf,1
272618fe-096b-4e79-ba96-f2074d2d5236,1
7c50f567-6a79-4c2d-8970-5ae0caf0c971,1
38b1c05c-cfde-4880-9602-b5af4d83883a,1
90c8fd21-55d5-46d9-946b-96dee8f83a7f,1
33cdf3f3-c352-4e43-a25e-68fa334cd557,1
052fe188-cf01-4ab9-bf92-c3b99ad02066,1
fc59249e-bbb0-4276-868d-78662306cb69,1
d98ea3a1-1b0e-4a60-95a0-2feb3e989d5b,1
30d16dea-6fbe-42a5-9081-e272aa17fe26,1
163be6de-bbce-4075-8566-4d2473ba2b3f,1
219265d6-f16b-44a4-b790-d3da6f4eb20b,1
fdf611c6-d84f-4326-bbc3-2b86d6a76d66,1
83a2dc36-a833-456e-9258-de316e71cf99,1
0eb101c5-8222-4f31-a0c9-8235251edfaf,1
03a21101-2221-4cd6-ad5e-32cf5561f402,1
2ccc4d12-a1d7-45b4-8b8b-924db4b6cc62,1
eb807a63-8e3f-43a9-af2d-244cbc0f8bcb,1
81f8b97a-5226-4614-b800-f4e2b4edb2db,1
e6120468-2cae-45fa-87ea-f6541e3015fd,1
cda62b36-99f9-4e61-85a4-73171e93c61e,1
b018c0aa-0b45-416b-bcd7-cd2c946080fc,1
ad22a97c-5e8f-46fd-8599-bf88afa96150,1
5d016b86-704c-42e3-be81-c778f09f27d3,1
9b70d9e6-0836-4186-853f-ac2e0ed06215,1
75549259-57d1-451f-ae9a-383d3286326d,1
b66a7ea2-2cf7-4b91-8b98-8497db0f0f20,1
e9d00252-b238-4a8f-8078-337b9f618aa6,1
3030f492-566e-4729-9f6c-1da8252b75c8,1
c6c2e316-98dd-4a03-af38-171096a44d9f,1
7b74c1c4-e6c9-462e-b133-38962a11b893,1
7cef8a84-087d-4300-ac3c-4cba76c1f6a5,1
80346148-3c48-4b03-91fc-d53220f4fb9e,1
75b198a8-b1f4-472e-b090-8cf0a1fd9925,1
c5efa318-eeb8-48c2-bbaf-222d419b0073,1
752b3cc4-f7cb-47cc-91b8-02a7ab0d80c5,1
3ce67ef8-b700-4dad-997a-4c7e373779d3,1
44c3b3ab-72e8-410c-90ff-f1c88a4dc20c,1
6b7d4ccb-165a-4d0d-8a4a-c00deac2db0c,1
d88889d1-447b-4f98-b753-fa5df319a82f,1
10bdb8d2-a44c-489d-81db-e47398c0349b,1
706911aa-8521-42fa-bf3d-485c5e264427,1
ba57f299-bb60-4551-8473-a06a59e9c8a2,1
4f90ed1a-3d67-400f-a87c-fac3d2d6c8f4,1
01bae71b-c7f7-453d-92aa-ae212c07bff0,1
50aea094-a589-4fc4-be42-c5a86ff6e8c2,1
8b6e3003-aabf-4bf8-bdbf-88452e187228,1
52587d8a-2b2e-424e-9ec8-4262d563053d,1
9a498812-d4fd-481a-9b4d-ada461b0fe63,1
f069c1d4-33d8-4871-a973-e69443d7ce07,1
ce92807e-36f2-48cc-bb64-4de80046f896,1
1b8afe6a-6136-4b5a-bf48-eae0134eb26b,1
6638ef7a-b333-4662-b9c9-e9dcd2262ab2,1
1b67f7c9-168f-49cd-a956-a0de69cf10ee,1
1e2e639f-534c-4608-bf18-05b61631b4bb,1
ca46a587-0ce9-42a9-bd87-a21e2c54fac2,1
865f3c63-59b6-45f5-ac4a-f86f05f4a0f0,1
7e034391-6a7a-4954-94d7-da767db83480,1
6436ddeb-a794-4abe-a9d0-9357529ca49a,1
374a3885-d748-45cb-a462-2603e590febc,1
9aae4e75-47d1-4a7c-89e1-e3a133f735a2,1
6c6d0b91-7394-41d6-8826-932c56115049,1
8e8dac67-88e3-4feb-a8e8-d3fdceddb9a1,1
d0ede6b7-7d45-49b4-b06e-a629161118b2,1
514416e3-d6fd-4f66-85d0-18db7862a4f4,1
2a8cb44f-1ab6-4f80-86e8-e03be14b4db4,1
d208fd19-742a-4011-8950-b445181ad99b,1
30c04e51-a263-4e68-a022-bd2f033435dc,1
397cf81b-636f-44e1-bf08-0792ad84e51b,1
5c7dc71d-67a2-46c4-9fad-2e9dba5be1cc,1
e24d9391-90f7-4a96-aaad-bc8b96ded22c,1
edd8b212-0a40-4647-816d-1912d77ea564,1
f932797a-f959-4478-9031-26f52192e5d5,1
da53abbb-6a5e-4807-9687-4c18bf31e611,1
938fd972-bb5f-450d-a98b-574532f28be4,1
65f2fe6a-82cb-495f-956a-ae55cdce956d,1
3bb1ce33-d3ca-4873-8dec-05ebb8b7a7ee,1
f9433c8d-2c4b-4a27-be69-406211802571,1
d954d3ac-a92a-4399-832c-36b2c1dcee23,1
7e6effd9-33e6-4842-a1ef-db0b352106ce,1
85675d9f-8335-47c6-86eb-92da6f4b6de8,1
3d49e036-e65b-409e-ad6e-632e6e639b80,1
3d745113-a781-4f31-ae39-85a54988ddd6,1
87679bca-5924-4ed6-93c5-5ba9f426eb27,1
a51ee646-934f-4e03-938b-3da1c27f1712,1
7f400256-cea4-44ef-bedb-467e4d1880f7,1
ce4b78a6-c8a9-4248-ab20-cd067fe6f2ed,1
73671d26-6253-4a04-9ee9-c82f67566591,1
af67146a-a2bb-4f40-aa8e-f0c081843e13,1
d76b9935-f405-4624-8b04-e5bb17556715,1
53df382a-3ef1-4fab-ab30-c0f156b5b9ed,1
292c5d69-580d-4419-8bdd-5f9c10763a0b,1
68f22316-85b3-4801-a2f3-b2d10810750d,1
9215f440-7a82-459c-bf23-403f18d37493,1
b00ecc20-9833-489d-9584-991ece27518e,1
07ea46d4-d187-48f6-99d6-eb5171db064f,1
a4aac146-502b-4eb2-aea8-adeb4c7f7965,1
a213bad4-36b7-4704-bde0-3caf30624a08,1
d19b7ad0-7645-45ef-9872-efac3cded7e3,1
3bc6dfe9-1cc6-482a-8c86-94fc5bda26d4,1
a5f56abc-0926-437c-a1c0-afdc84ef8cac,1
e771aa02-3769-4a58-96d1-c0293ebf507e,1
ad760417-6a97-4dc7-8202-1ee94c6ecc69,1
e7a393d0-87ce-4fa7-ac9f-8621d72e3161,1
b90b36f2-8869-489b-88a4-31ad578e18ac,1
19879bee-6a96-4702-828f-013bf1cc14dd,1
993c39e1-17fd-4b2b-a5cc-8f66d8c30b0b,1
15ec1c06-929a-469b-9d42-0e56aae7a5f8,1
470e3f7e-76f4-4696-a764-6410b71b1b41,1
8207d90b-04ac-4fb4-882a-e00253dec07e,1
dc4fa094-2adc-401c-b381-81a2de61861f,1
dae83fee-ca62-4bca-832e-3580633d3af5,1
c22978ef-149e-46fc-9af4-ae5cf04d9668,1
7414dbf0-3568-45da-9517-c55fe58fadda,1
c23d1180-2f46-4c0c-838b-57f8eb432b3e,1
f6093172-e599-4383-b808-c4a9a948ef66,1
0182655a-0556-44cb-a5fe-92596a5a678d,1
ba64341e-462e-46df-b305-01a720630939,1
8d324129-9a95-4898-bd28-cf12e487ab91,1
a35eafb3-8aaf-4a49-8033-371f8a2737c6,1
f170806c-d2ba-4cc4-a5bd-8e24e655b027,1
13468948-4f71-46de-ae8b-bb6513f53159,1
8423d1a1-55c4-45a4-a9be-9638cf17e9f1,1
6cccf2af-79fb-4283-873c-628b2b7e9a07,1
1bc44b6a-f93d-444d-a3aa-115706716a92,1
86da0f16-2244-4e7f-8866-65433aafbb6f,1
83f73176-43fb-47fb-88a3-1fe3723ede4b,1
4bd48046-9363-4dc8-82ca-6ce04be84f4e,1
75a7b774-d829-46da-9fd6-e00830360450,1
ad9b5559-3ff7-46cd-8d41-fff5eb48bd32,1
fcdbe014-ec78-4694-95b6-d7154a8234f6,1
36a1ac91-9510-4fdd-bfb9-8dfbbbe4e599,1
41dba051-e1f3-4768-9d5b-3fa659d863ca,1
493e2aae-6cf4-4f5c-bcbe-f68a2445a3fa,1
f8fb7445-0e01-4b37-8baf-7d17d41a82e0,1
75392b18-f904-48db-ae57-182299973dfd,1
e62ed96e-8f23-46a7-ac95-612b0c08287e,1
465a0473-1db8-4665-b879-9ec57e65a6e1,1
3b1f48ab-2e2a-457d-8e67-d8118edd077e,1
79f9dba3-8dfb-4e70-8279-64090932e049,1
ba89be26-1094-4e6c-b5b4-efbe7e4f5e03,1
2b4a3134-ed28-4c3f-b9ae-43dde869268b,1
c443c01a-fa0d-49f4-8a6e-b683401e166e,1
0c096e88-c0a4-4474-919c-2a85be6eedac,1
a73f9085-320a-40be-a967-ef9a6f20ac84,1
4b32b1f7-e9d1-4a0b-9de3-bd2255376f03,1
5101cba3-706a-4176-bd09-d987cf70787b,1
4e02912d-d708-446e-b04d-4eb4ef2373d5,1
66312ff5-5fc2-4b1d-b735-f095a1eb37d9,1
d87f11e2-c1fb-4360-b4b4-d656f2cab0a3,1
b55fd5f4-0874-477e-b45f-a6bc302618dd,1
6805abc5-bcdb-4d5c-a9d7-c1489c264ee6,1
4549eeca-2c0b-463b-980d-c0ea35788f2b,1
d9a42af7-366d-49e6-a4e2-e3313e25417b,1
e9b08fe9-eb2a-413e-8d8a-d311b0fe4526,1
770596ba-e616-4b23-bbd3-01d147ff8b05,1
c5d32bb8-9b76-4473-adae-0cc6216cfa23,1
e4001660-d2ce-469c-8f52-d45e24aa142b,1
dfb7caf9-11c8-45ab-a151-5a660cb267aa,1
5fb5b516-1384-4b7b-82f7-599a9021b618,1
c02aa9c1-4a64-4762-bc0c-47031786533c,1
ddb179d7-881b-4208-b42c-5ff1834d4f6d,1
8501d75b-a8c0-4261-a87a-9cc37b34b78d,1
7e331e63-73e3-4ea8-95fa-d7d7314afa05,1
45e2e0a9-940a-42e8-bed5-869b7a589a51,1
71557281-e789-4bbd-88e3-f00b03bb0ad3,1
4cffa6a4-feda-407d-b520-67f6ab86e599,1
80e451b2-d16c-4f36-a418-095d0ba7a3bf,1
190821f3-694e-4e58-9e12-bd80efcdb875,1
cc233f83-4d33-49d1-a0dc-2f9f537ced67,1
65bd72a0-b38e-4cf6-8347-43c9bb88e0fa,1
26ae3ee7-9e5f-440f-9f4b-a4f1316b8688,1
fbb607ce-f1da-466b-906b-2fc44f61b5ec,1
8a036045-9420-4b3c-ad96-c5dd87cdcc6b,1
7907303e-9c4a-472f-9ba6-aa6c3f444881,1
d5bab383-f8d8-4499-85f3-431ecbeabbcc,1
05b24108-7430-467a-8667-96fa35c9a0aa,1
02d79a1e-573a-4028-bcda-274c935ceefc,1
3aa5b494-eead-49d2-901b-1b8cd0332b97,1
6575c730-398d-405d-acf1-7a4b758c7bc6,1
5d0ce955-7109-4f47-a5da-a44a19dfe149,1
68e28cbc-2411-4f7d-b1da-24a764b319b8,1
1831d4ea-06b6-448c-b46e-c8c25a72bb8a,1
1e3a76ce-250b-4ebb-b615-f5b8cd2e38fd,1
e3d17181-909e-458b-b362-fbd095272be5,1
9d1fd701-5349-4546-91e3-f6615848542f,1
7a3bcc7b-dc41-4610-9e3a-9a30621b9339,1
e0e116bb-c8a3-4879-b249-32826870c5e2,1
5fbe2157-46e8-4e27-bf9c-c3f855bd4937,1
41cd81f0-9562-4934-b4a5-5fa61226202c,1
91de272a-fb04-47bf-85c7-4d9380423c40,1
a315605b-abc8-417a-9ad2-7d143786006d,1
341be6f0-492b-4d6c-be08-2f49e6bcbbb7,1
cc500d91-0cd9-4c3c-b62c-8fa4e69ec5aa,1
f46b0063-9853-4c52-8d72-f861b2d2768f,1
357e206d-5cc8-45e1-b1a7-611a12138b2c,1
0e2177d8-4094-446c-9662-8029ed626120,1
dcb71f94-5b32-4daf-a993-db8423d3dd95,1
acf22584-5c6c-4063-aa39-cc4abd2f2726,1
81a93c99-4441-478b-a6f5-5e1584f3ef93,1
ed8bd7c4-271b-4480-be2a-4957f1247cba,1
684bed4b-6451-482a-9a7f-ecb242be55bb,1
2a232705-f90c-42fc-85dd-06ca3d8ffb04,1
c40b80a3-1aa9-4043-99b0-ac507531b5d4,1
4a15ca29-f5c7-47ed-8a03-e62ac364be1e,1
855742d0-f6bb-48e9-b177-99030738cbc9,1
04062f04-952f-4a1f-a9dd-a740972140ce,1
18520dc5-027d-49bb-81ca-e3498e37b519,1
ad61c0f4-d2bd-4e87-a8d7-86b46b8e0bb2,1
35912249-db4c-4fce-8fad-049abeddf8db,1
8db728ac-4bcc-47e4-940c-2be372bb35b8,1
a295d45b-d1f8-4351-b3d6-db9269cf1733,1
188dbc04-b881-4fd2-8084-95d7f8fa8006,1
6934cc14-34c3-417b-a7b8-413121632010,1
6e88f344-c01a-45ac-9dd3-221643d99172,1
df395b47-c198-41fb-b402-f4acc8e8ea94,1
1c6abbeb-442a-4d33-a849-9f9252b86026,1
8d9f5640-6000-4ebf-892d-244bbbf4868a,1
cf7f677a-46bb-468a-9bc4-8a47ac0b3c44,1
1323a2b8-7fca-404e-bacb-dd96f8fd39d4,1
3a1b8dc5-6629-4e43-b5fd-09673213533c,1
9a1c279a-cb82-4f89-850c-76d6bd2885ac,1
e45dd5de-709b-44a4-af61-6b76dd47502b,1
49b90407-195a-4688-9198-88af3dcb2bd9,1
66635580-13d5-434e-96fe-37094ccc79c0,1
3c681b41-5866-4fa6-820d-f20bc8342115,1
a0dff322-64a0-437e-867f-91bf3e87e873,1
667266df-ac78-44cb-9f7b-556dee404ae8,1
6333cec8-4f82-416a-a1d3-c4788495d725,1
7a7a771d-e103-44ae-96bf-4b7379c4abd2,1
7e8197f6-0004-4ec5-9cbd-9e6d8490d229,1
eafe133f-1a18-4481-b1c9-f4bf36ba2ef1,1
027149f7-5da6-4a3c-8f4b-28c05f7a2d18,1
b3dd99f3-f41e-475d-9c0a-d54153c58ffa,1
1cd985cc-b83b-49c3-9ddf-ac4ca0fdf35e,1
14815dbc-1134-4eba-8909-2a3adcf081a1,1
f82157ba-6add-480c-83ef-c8edfa5ae420,1
73a691c6-8301-4788-b6a1-27b1f23c8338,1
983933a5-0570-463e-8a6c-cfd27076f508,1
2d52e84d-d66f-4d46-8eb9-c80c3c8a6c2a,1
53f48d6d-31fa-4b68-94bb-0fcd0b376b1a,1
68d08b4a-1430-4188-884f-053490ee81ab,1
31cc118b-4a15-4c63-92f5-d4fca67da3e3,1
d3402366-ad01-4800-acc6-220b9fc6d892,1
cfe9aa50-2de5-4660-a03d-593911788250,1
35c0e68f-4fac-4249-af51-e12ee87f4fb6,1
d588d61d-58be-4bad-94f8-881bda379cbe,1
0c1a9f06-4503-4a92-9384-43e11d5e243d,1
75d439e7-d403-4dee-82b2-edf1f5a27b7d,1
2288bb01-d1da-4e5f-9089-549dff898c13,1
cd41343a-ba29-46e4-aef4-c2883488c00a,1
0c213de7-54d0-46f1-acb7-ae15e7cfec63,1
288d59bb-4791-439c-81b8-45c3904483ea,1
741812a4-3155-411d-8697-af4713bfc46b,1
ca074c38-57a8-4e20-b426-8f120a6a9945,1
dead2a2b-9478-4eb6-9f15-1e3e657b8da6,1
4e4d7dd4-f565-464d-9f0c-e36afa31e737,1
07acf3fd-4ab8-45b4-b3aa-58d391a6fa36,1
c3d2b195-81ae-4db9-9dd4-a7acbb80b77a,1
c59cf2e7-3191-411f-b62a-f8bb3500b31d,1
6544fc74-8d91-4bb5-8a5e-d68b8e3f7ba6,1
42d7feed-5865-4170-9dc8-4eca74f3a8d2,1
5872a856-a86f-435b-96c6-382911a4b83b,1
37abefad-ed9f-466e-9420-023616262783,1
1bc960a1-0ab5-4d73-9b94-b9a6bc1e297c,1
fd1dd0aa-67b5-4f5f-b484-a8cb47f40b88,1
6bc7700a-763f-46b5-9898-175cccac374a,1
4069c584-849a-4e83-823a-00434c07b7e1,1
7546ccc4-ffbb-426e-a51e-f30639d270a7,1
dd179d24-31bd-4746-b392-314a4bfb0e19,1
2efc93f5-083b-4eaa-a4f4-dbd02ebb4952,1
d3905377-2993-4b5e-9981-f461a36734b6,1
a2ff9985-7d4e-4bb5-b2a7-3ac083c0cce2,1
d23debb7-2135-44fc-9128-e66afd983881,1
86aa46f2-4ff3-46d2-adcf-ec59677bfdea,1
b6e8b7ff-f794-42cd-a401-8ba70e0fcacd,1
aa8fbb47-6b03-460e-aa47-d52e97cd1719,1
b80e0d7c-e4cb-447f-9800-9ce282022374,1
a480d219-e8cf-4527-ac8a-dc505c694d57,1
d070dec9-e6d6-4258-b749-45a5d05269fb,1
b4e59182-452f-4f9c-9cc5-6636484a07e9,1
1137f91e-ecdb-4883-9358-8bf10914167e,1
79e5e6d7-bd2a-48a6-96dc-746e4da62a11,1
51b99600-e311-4924-b517-2bd154194d0f,1
f56735f5-2286-4b93-8380-8358ab49db2f,1
56a2cecf-25da-4aa8-a243-c4dbd3882a8b,1
f0956928-5427-46c7-93ea-5ff4c627b5ef,1
02311f29-695f-4f00-b13b-564e6c4cf154,1
9c384f38-9301-4b9d-9698-61fe324426d0,1
15637b97-bb5f-41da-aac8-250318de8f67,1
4bcae221-f06d-47c7-9fd0-91c23a08fd27,1
c133d3c3-956b-42d3-911f-e90c6911712a,1
797f50f6-1adf-4028-8d99-d3ee3a542676,1
b00b0ad8-e0d6-43d8-81e2-446623eaa207,1
cdc963a3-e588-497f-8cf0-3b79a976fc88,1
e72878ea-14bf-4e45-b289-6d56c740c29f,1
564f965b-45de-46ab-8fa8-313eb823f5ed,1
ebe3a00c-2087-4a88-a61e-9909d01e57f0,1
171baf21-f9aa-419a-9dff-ea481451e737,1
8f603cee-f94f-4175-8938-0efd4ab58533,1
3d67112d-0264-4c4e-b0a2-e6ad38d162cd,1
2a5d7dcb-4501-49d7-a5a1-e4465b2d6507,1
bb066694-4aad-401b-8bcd-0d2ce210d46c,1
f1c77626-2289-40e6-b871-ab4d6fe5e2ae,1
07c213c6-e18b-4177-8b9a-633401a19614,1
0205cc67-a4bc-465a-b0fa-c288e15d1fd7,1
69ba7677-6a0e-46cd-9e20-b48387c16f2c,1
0b7eaa5b-b55f-45ee-901a-fa8b2a5bdf96,1
94bfe001-6746-4a5a-bd21-a270d72b3d44,1
6110b05a-1df7-4147-9667-1b05217f1a28,1
f3b0a6d7-4bd9-423b-baac-cd368a2fe17a,1
309c9410-8903-4578-b74b-544cfe197261,1
fec4e51a-89e9-4797-996a-50c65af46aae,1
142d149c-5731-4d05-853f-67aff3f11216,1
87b8f2e6-9aaf-4998-b6e4-cdefb7fef2af,1
a5255a1e-7c68-4e8b-990d-0dbd192f2f6d,1
e2416cc4-3a14-48a8-af59-afd92f11f8fb,1
2587f9f4-daa2-40ea-a2a6-decfa82b3d5d,1
27b885a8-4a3b-4cfb-babb-961df9c66830,1
718dcabb-de25-4a9b-99cd-dd1e06ed5e29,1
d4772f74-6502-41b4-b87b-d7556565234d,1
299ea002-52f0-4f23-8f0a-890f85b4a74f,1
84f05876-8732-42fb-8aff-a635bf7fc148,1
859b1000-299d-4ae4-ab89-df5ee19d7e81,1
0afa365e-5ff3-4027-a5f8-beeb02954c76,1
9caab98e-2fe3-43e0-a31d-24ed0c989808,1
ef8bca25-54af-4c04-966d-4aff827d1eed,1
0e0405a1-4c64-44e7-bb9f-d53260731fbf,1
6ff7518e-1157-41d0-af9e-5a4e2b70ffaf,1
8788c662-2748-487e-abaf-fba1dcfda16b,1
4f67d554-fd9a-43e2-8093-5feb0b2b009c,1
f849e2ab-afc8-4600-8159-acc115422bc4,1
e2699486-ac2a-41e3-b61b-73e84a39e625,1
ca146496-ad49-4180-ab7a-16e041090a63,1
dd412be2-2731-453b-b6a5-ede4cd70be0b,1
dfcb5c3b-ef40-4063-80a8-217429a54bea,1
fb92c9d8-4248-4135-9050-eab86151c637,1
bc19f35f-1f3d-45a2-ba12-d5a73bf06bb2,1
d4636212-4301-4295-9c85-15542861bfe9,1
f7279be0-884b-48f9-90b0-a6339c909dd9,1
d20c57b1-b8de-4166-b6db-0f6dc1d09cab,1
1a651e0c-225f-4cff-a4b1-33f16a271984,1
cd6ead2d-fe03-44c8-a9e8-0fe3f60bc2e9,1
118ca6f1-2de0-4fd8-8c7a-9c3099ab63ca,1
014d8825-aa17-412a-aa70-5e22c86fcb44,1
ac10babf-7c12-495b-b253-3a190f7a8cc7,1
bdc6fbbc-52a6-43dd-9173-45896b87670c,1
d7087c94-7330-4011-abd3-9d42635b56a0,1
1b261780-4877-4c1e-bad1-d8debea92bf1,1
330836dd-5013-405d-9059-1ff2447dc43e,1
d84588fc-d772-4410-8db7-b8350e48ee8f,1
a329ea24-73c0-4654-ba1e-84489e298dc7,1
3885fd90-2555-4a19-a16b-9d32017cd171,1
fb3a5243-b11c-4f8d-9b43-86c5e0d57778,1
4af649c2-7fc3-44d6-a337-8776250a906b,1
67bec846-d24d-412e-8d67-0d7cc8c3260b,1
6eefa516-d455-491f-b2a0-6572cf98acad,1
307d919d-2110-4e21-a927-591f25706d09,1
85f57dbe-1c81-4b90-b283-3c367ae0d248,1
2da9c18f-7b21-4b2d-a297-b020ff89fbb5,1
768a6db0-ff8b-4b6d-8703-5c84f59e450e,1
983e7008-fe68-4d2c-82b7-5b83c4b2c303,1
19bd81d7-3a6c-473d-8a6e-3e22fa734d6e,1
188df465-798a-44bf-8e58-67604fdfb84f,1
5949aa99-364f-48d9-8020-f9fcac5a112e,1
b595c682-cefd-45d0-8e99-df3c2b78d592,1
30e0e9d4-310c-4ab9-87ae-40335e8e8b0e,1
23525d50-d27e-4c75-8415-ecf2f6f242c1,1
88debb74-9f54-4229-b60d-307abcf6d697,1
85bc66e9-7a9f-4681-8b50-4f56c00c0463,1
f51c0cd5-77b2-44fa-ba2f-809807780cc9,1
9445eefb-50b4-481e-bc2b-34fb81f3074f,1
e364f743-67d7-40e9-8363-10d4fcb36b55,1
255a6ea6-71ea-4a47-8670-00b2a2c78ff2,1
e34a938c-ace2-43ed-8b86-372b1333685a,1
a2c83210-cded-41f3-9668-e8e7fab389b5,1
d75c68d5-0c71-45d1-9010-2eeb9097ee5e,1
cecdbb91-d24c-4834-a4cf-a11b92885517,1
52f6fcde-12b0-4190-a4c7-a81f3822c3b6,1
f3393084-ca5b-4cfd-961d-6f7dd6305423,1
1a4a859a-af04-453a-b203-de1369e6fa8f,1
dcda5394-4c1a-4f63-aff2-4107b2cdf73d,1
f8bf38a2-aed9-43d0-aa39-322353021597,1
cbcf45e2-a33a-4cbd-85c5-38f9026cd445,1
75269f40-e984-4017-ba6f-667b1f5a05b7,1
0c5d1b1a-6c61-4eca-985f-f7cc9314d3fc,1
2efb4af3-ef63-49dd-96a9-a5554b729184,1
a69b02a3-cfa7-45c6-92d4-98dde852c382,1
8e96120e-a8d0-4374-bab5-56d73c318627,1
a2d45a21-29d9-44da-a9b6-af5c2c42d268,1
67db7fc6-a948-46e6-adb3-02b7e8358a15,1
a4eb7d0c-c4d4-4da0-8172-926f206901c8,1
e1211bd9-c6b9-4980-b055-fc289d1ce69f,1
5d4847cf-4f23-4e03-aec4-b44692a2eb1b,1
0c151a61-24d0-4ef9-8527-64e0131256b5,1
74a8e97b-b3a2-4dee-8ef7-f9efe0e84cfe,1
0ffcccfb-a379-4739-a34b-3a1477419d8a,1
cc1d85f7-9075-444d-b635-406613238c89,1
730dc4cd-d49a-4824-ac06-b683a0946716,1
00325199-5a17-48be-9926-4a351c5ea449,1
7d19e971-ce4f-49c2-9512-d44a9291bd18,1
763ed5d1-9f82-49a7-b1d0-98eb30be628b,1
aa9d269d-f8a3-49c6-91e6-2b559fa17d0f,1
761ca947-a0bb-4d65-a396-7107c4ca1ccc,1
47c10695-ecd4-4892-ad1b-19992196b6b2,1
3e7cbc07-7d3a-45f5-b859-9eb2d8180ff2,1
e6462ba6-6fd7-42df-8b9f-cb2e298aee63,1
76f8f54e-011f-4b4d-b701-067b7da58bab,1
6b64d017-107e-486c-be05-9ea8c03d11e2,1
fe32064d-06fb-4825-a863-7e050350b1cd,1
1209e3e5-da1c-44b7-a9ff-c373da28bbdd,1
52e1efb6-d12f-4618-adc1-3a9b57d88f5d,1
babf11f5-48a0-4234-992e-29de1a580d5c,1
102f65f6-0582-4011-9b1e-86297a2ebe38,1
2a38dc5d-ba0c-4448-bf89-2ff33ff5bc1f,1
97d232a5-dc7f-4615-b49b-223f8115a31c,1
b4dcdbfb-7c1f-4e9f-bd08-af543c76e075,1
6f1374ec-3ba6-4098-a997-66d317ba6969,1
96d07789-f5c7-4e75-a9a3-45430f7c9e70,1
15eacdab-c8e1-46ae-8c12-674e9930ca96,1
91cfb894-c545-4c1a-8bab-d3af16b82bc6,1
3c664474-7c6f-4b3a-a2b8-7ad8c44ebd8e,1
79a9ea17-d579-4d2f-a493-b39464bc2437,1
23176dc0-6083-45ce-9979-9fe7535ed886,1
8b14835d-2432-4019-9377-1c2ec768263e,1
1937a50d-6b71-4d04-b543-6added6f05e8,1
c36edafd-e433-40fb-92b7-6a3ca0de774a,1
0589e211-33d7-448d-aae1-361048326b3e,1
5c85ea41-03e3-43e4-83ef-c050fc089cdd,1
dc521fe9-8713-4223-840a-d6bd1ecdfc47,1
d0a4c9b8-0a93-4731-a449-edc483c907b2,1
63e22f8f-2755-486d-8ad5-3ad3e7532aef,1
8296657d-e6f0-4f97-9814-229cea4b44e8,1
2584c9b5-9d87-4947-83cd-b7c265cb8015,1
586f0285-6424-4021-8ffd-54a2034f4414,1
d3efd7d6-8a97-4b8f-b7a2-539be205df2c,1
3902d217-198c-482f-9a84-f45666417dc1,1
84c871c2-5c29-4895-ab87-54400c070d4b,1
f1eab42e-f9a1-4060-9c0a-48d9f2647b2a,1
ec16f2a5-d40c-4520-9cc2-ed5e60532466,1
7e447180-8d75-433e-b777-54e9397cc411,1
2b6ae42b-93d2-4085-8d04-7b8c69166ed5,1
35e6deee-1166-4e82-b8f2-72e5baa485cb,1
a002f626-ea15-4ef3-9beb-7d7dacfc1b0f,1
18a6e62b-537e-4eb5-8827-d31207875094,1
68716e3d-ca82-4b0c-adb5-57027b4d6320,1
8097626a-0732-4e11-9290-fc917e52316c,1
690f6172-e335-4136-817e-f12f2d33f896,1
c1f6093e-b2c7-4a90-90ff-69031b056dd3,1
afad2a2d-9608-4791-960a-daf1b96ca2f8,1
78616eac-6a7d-4b13-b414-1ff799744cc1,1
7e29dba4-5345-477c-9ca7-6709aeab6e92,1
ee4a7b0b-f394-49e5-8aa3-bbb99589f989,1
f4428348-cecc-4c9d-a8b8-d757d351d417,1
2fc2d22d-0b23-4ea9-b281-91f2b7c7d82e,1
d56a9092-8d1f-4f7d-8954-918ff064d9a6,1
c407f213-5f87-4a00-959a-86db4d058091,1
96d25b95-8036-49ee-9b2d-26b84e9d560a,1
d0d9a9af-b5db-4c41-a22f-1debc6ad9144,1
aea32d6f-6c76-4a90-a9c7-fd2b70561847,1
d9b198f8-f485-4fe8-8435-d45f42768c51,1
6f6bb9ef-b190-4e1f-8f66-cbf5f45a43ca,1
9f401614-052f-4cc6-9c1c-8dce14c5a6e0,1
6f8dab15-c9fc-4327-a219-210475a0de47,1
f3782c35-e409-4316-b3c1-55ba0d806875,1
e4673491-525a-4c48-ab30-db78f2c5fd0b,1
b96a2a25-d270-453c-b4c5-327fb3182814,1
f6b692bc-b903-4828-a49a-1944218a045e,1
fbedf329-c714-4046-9d1b-7ab1cd971e24,1
03cbab81-9e1d-4e15-908f-377ca4a71c6d,1
8f9a36db-4d9d-4025-a654-b501b47874d9,1
fda361fa-f2be-4217-b761-4ff2f3abbe84,1
bebeb524-1f25-4dab-860f-6099e5b3fde5,1
c556b02c-cdc2-4ac6-871f-1479557b106c,1
9a394bdf-3e7d-48fd-9a9e-b330c5f64e96,1
3e08a51f-0ff0-4c75-9837-4e3a87b34d0a,1
dc7b2a8a-ffd9-4a01-bad1-bc30427fd9fb,1
7dc156b3-fece-4c0a-84eb-b2a8a9780ee5,1
b648e532-10b9-473c-897a-1ef78b37ff47,1
cf4173ba-b3c1-4112-b040-03d32a438ef0,1
ce717e98-a3bd-4f71-b430-9774a9a82941,1
71b96419-1cc4-4cc6-a993-41d07eb7d866,1
48cbea56-bf3d-427f-b8d0-b19fe6707a46,1
63271445-7082-4bee-bbc9-7a921a85fd95,1
ad177684-9a89-4e7e-b2d9-eccaadb7d1f2,1
3655af38-3228-4c22-8545-e6992c4ffe17,1
4f5dade9-b3f2-42d2-8645-6855ba2245e1,1
acec271e-fb37-4003-8b87-c9893de380da,1
e075f5d5-eb86-43ed-a6b8-fda08bf5e4ea,1
6e78c00b-114c-4c23-a662-13a7302047e6,1
380c64fd-99a2-43ac-b820-ed0a514a8466,1
86fa6752-df8d-40da-9dce-72a5ceee4fad,1
78623c75-6b6b-453f-b358-83f96eb27ede,1
0f9ef774-0c26-48ae-be99-cdc6a0a1aa33,1
e6f3ba2d-1de2-4ed5-af7a-83008792247a,1
ba3254d8-0961-411a-b1f4-3189b04cac91,1
9d0438fd-68a9-4f4a-b93d-91a5fb595fd4,1
03a27280-e9ba-47c0-b84e-54373bd3256f,1
bb221efa-d622-4cfe-867f-4a6843abcca9,1
0fc651d9-9dc1-47b1-aa7f-4152c10c6155,1
38e2c047-6fd2-43ef-8cf0-b2446fb84fe0,1
83dfe281-bda0-4e57-a4b0-97705074aabb,1
48ddd56f-9d2c-4c4a-8931-c03d89053e5e,1
c8908045-d70b-4ba7-a589-eb292b5dae09,1
49acf014-bde9-4f2a-aaf8-fd8ec8541173,1
b2192a3e-4950-4159-8a72-18884a48b1a5,1
25521de7-3e0c-445e-9e6d-ed4479ae58cf,1
564bdbe6-77a9-4be4-b334-eb186ff54c54,1
eae907d4-06c2-4050-97e7-8199b879f6d5,1
e41eb179-d7b8-4d8e-8bc3-1277c73f2e6b,1
1ec19ef6-a4db-4bc1-85ec-d0d22a1c64c3,1
1f731fbf-953a-458a-8532-6936c359058a,1
6644d952-d0cd-4ce5-aca3-e16770e6cfd3,1
f08535bb-7148-42c3-9375-51427d5f7ea9,1
874c6030-5c7d-4048-9195-590390fdfda5,1
d04a7eef-abb0-4f90-a49e-f9229c4719d0,1
0a8ab9e8-685e-4c60-b482-d5c1d8c22b22,1
90eb2845-44e4-4397-bbf5-2c7e3301a025,1
6a6c6b33-9435-4923-97ed-5f8bcd5b935c,1
1c216fd3-01a7-4861-998c-6bd4005934f6,1
1d0d6636-f76a-4b41-b286-4f3c58c69704,1
0b245f9e-23d1-4992-8543-8966d770c50e,1
a75ba4db-2efc-4538-a5e6-d78f9b3ca0cb,1
784d4459-c793-4467-827c-12a96d1f5aef,1
218a9e99-fd19-44e2-b734-c55c9a393778,1
fc719b0f-be00-4cd7-9f7b-eed2d6281b83,1
00895117-3be6-498d-8a30-9ca39ea9f34a,1
1354156e-3ffc-4d7a-ba18-3d320cdc7622,1
d8434e31-172a-4856-a8a3-cf7ff86777aa,1
d8d45190-aa6a-4ac9-bdff-62dbefae7967,1
62354e25-6c1c-493e-80b6-4f539a060fec,1
6d742c2f-6bcc-4bcd-9b16-b933ab13dafb,1
57f554c4-f9da-4aac-9b93-ee0eb79f081f,1
b33a352f-7882-4680-90c3-8f27039e5eae,1
d304e038-07fe-4adc-937c-ae30a12a4a44,1
87cb50a6-3cf2-4159-80b1-ee0270d1e8ff,1
7d9b1783-89a5-4cd1-b6d3-daf98e362504,1
3339fb06-00cd-4e90-9e3b-454575c9fc9c,1
860d3f83-ad2a-4ee4-a24c-43167c21e941,1
9ceed882-3d50-4094-9686-d50e7e87b1dc,1
401e424a-bdf6-45b5-90f3-ab50930f3eb9,1
8cad9f10-075f-4734-8785-aee006a72c07,1
3c1cdc05-cd57-4a77-98ad-bcdf8352fd95,3
9684e6e0-822e-4699-904a-c86a01981974,3
b8c40838-5824-4bb2-9f47-542f6b633b9e,1
bdbc626a-e70d-4e24-a0dc-30f69d09c2f2,1
429665fe-2b0e-40b2-b422-e42a2b1e9683,3
49d071b9-53c4-431b-ac61-aa513c88e831,1
7c788074-9a0f-4a9f-8b0f-eb625fdcefc0,1
ad5f4f52-ec8c-40ac-b3cb-86ca3cf41238,1
c0e270d6-ef07-4f08-9df9-e4eef8b0b367,1
534c9a42-9e80-42a4-b708-3658e61036d8,1
aa684ba4-7ef1-45f1-8a15-24d0992cc721,3
aac646a5-2d8e-4a62-a386-6328516f6c18,1
b4e6f91f-5f5a-4257-a7d8-7d47b4f69bcb,3
8641d31f-b60a-4e97-98ca-c913b610fd29,1
bbc7ffa4-84b1-417f-a6eb-3074c6244968,1
93f803d9-cef8-41bc-9952-b2b90682f4e8,1
c281c9a2-5095-46a5-8215-2952928ca3ce,1
ac76444b-52d8-4cb0-a8a9-b3c25f17c0d2,1
21e5accb-53ce-4884-8635-314439a95a33,1
f39462e5-1cdc-46a1-9dd7-1dfc04c191ce,3
29a31b48-9c93-4825-aeea-926f5266b0d5,1
8cd4787a-f3d7-4d34-b923-eaf3ec471658,1
2ae8ed18-bce8-4c7c-8833-9ccdf87dab40,1
7dc826f5-c337-453d-9fe6-a4ab08ec5c43,1
a8279b31-8816-4e4b-86a0-3ee2f41cc4bd,1
d9d98d2b-0510-49d1-9809-73574e751201,1
70b2c71b-c658-4d7c-b2de-5217dc1dbb42,1
bbb9ce8d-fb7e-4703-9332-568484882b7e,1
cc426d4a-4a0b-4d43-91b1-c0e64af245b3,3
34705111-c746-448f-9f4e-70c65698b6a9,3
526f89ba-af2f-46a4-bf58-ff4919702ec8,1
4e244b49-2197-4425-bf80-9e4ed65301ab,1
1df2835a-85ea-4b28-9dd2-1464899b6dde,3
8baebfdf-bebb-4eec-9c14-44c840ce2331,1
bbc6917a-10c5-48d2-bf08-31a94140c5c6,1
a1dc06af-5b0f-4768-bda4-43499b1668cc,3
ac095521-6bc5-446c-99c4-abe40c75e919,1
3ddfa566-083d-4dcb-b01a-6e257c199e9a,3
4c1cb872-4038-4980-be6a-cd5b02945ff6,1
c6e3dc3e-404c-4419-b795-2ce8f4bf1ac3,3
36b970aa-67cf-4228-8d2f-d53be266f485,1
15dce77b-ce50-42bb-b2d4-40195e2c05c9,1
f0bb44aa-4326-44f6-90df-fff09924200b,1
5fb78ca1-6d3e-4065-b1fd-73872c647506,1
8dde638e-d9f3-4de5-8e45-3cb42aee55d9,1
f5fc5169-043e-481a-8c9b-90d3d483e918,1
1c45620a-9999-4def-a8f0-4ae07ad52f33,3
568b9a87-6f40-4fa9-acae-721999643794,3
56975786-478b-47c6-8897-198268f4c70e,1
49f67ea5-c175-453e-913b-d2ae7a563bd7,1
6ed9d829-c54e-4c64-9762-e30468a8a279,1
0596de6c-30e7-4c12-bf3b-004816f89b03,1
d44ba3e9-0fd8-4b92-a930-525bc65de5fd,1
91e77d79-691b-4200-922a-28041ef210a1,1
00a6e042-bb51-4ad8-9710-dcf36fb0c833,1
e9b8a45e-be3b-4fd3-bcb5-8aa26f4918e3,1
90ca82e5-fab7-4083-bc3b-3de24c97e50d,1
5eec2c68-752a-4f87-83c7-55cb5c098bd4,1
92016f87-d842-4f1e-96b7-18ec29e66705,1
9d5df561-a054-4566-b549-c0c8bb8841f1,1
50a09a64-528c-4ec5-8dd6-058977aa167b,3
b2860e98-3ec7-43d8-8036-e6f1b3d35489,3
73bb95dd-0b3a-42d2-b176-41095b306331,3
356b4043-db4e-427e-8474-4951a4c8f16a,1
63a35c18-df02-4285-85cc-d426377a51de,1
f4b01772-833a-4340-bf3e-eae40feac3d2,3
81637f6c-3f6f-43c7-bb93-123a7bb61d96,3
0ce5c215-c365-481a-ac60-c7b94b63da17,1
fed8df51-0362-4b07-b5ce-a3ce6f5483d8,1
59cc5cd9-c9f4-4540-aac0-f79ee1df2000,3
3ed68099-9239-4b68-9a82-f8e715466ee4,1
b344deca-cfa5-4dbd-8c1d-ea329725b64a,1
a0244e13-dd99-42f5-a85c-44b7a8e08a3a,1
ae9f4996-f9c5-4957-a388-00f45a33a717,3
2e4d671f-6aff-41a2-8774-fb9c30b21147,1
f672fcc6-ba44-47e9-b288-8b2f53e614ac,1
47f864e4-e46b-4ed0-bc31-710b87ee9980,1
95b873c8-d25c-4d36-a36b-55b258ebc8b5,1
f21860c6-0ec5-40ae-9739-91edde0ecb61,1
e19ac8cc-1a26-40f0-910c-5f138bbff9b9,1
8e03af52-9b27-41e7-83c6-33bfc419eeb5,3
213e7cfc-1948-418b-9809-aec61de025ea,1
262f17bf-b624-499f-9416-7d93abbb4d4d,1
d4cd94b1-ae75-4a15-ae9e-19d25e527514,1
76930aa5-d3f9-4bee-b70d-8331394807ab,1
815c8fdc-081b-4405-8fe4-a222bc31e4ac,1
77a82447-c4e6-4f0a-865c-9fb022c8d756,1
95c644ff-c502-4ec3-990e-0247d51681c7,1
1c4d370e-129e-448f-a5c4-2d3e32bde8be,1
1aa858c0-81f3-429b-8c99-d83e1c5fed26,1
99a798e7-411f-4127-9ecb-a8c841d32763,1
bd487bc5-5285-40f6-a874-e6c97042dc66,1
437c3d78-9efa-4fa2-a709-8da71f3c4a11,3
843ac5a8-f5d5-4538-ac9e-759be5c9a70e,1
9b5ab387-8ce4-468d-b3d5-a1f662a83c9f,3
d59f7f8e-b517-4752-9a61-cd2896d67903,3
c1010640-62f4-4276-ac04-587e743014de,1
736bad55-3893-457b-b015-132a43affd3e,3
6ee770e2-7854-4802-9886-6426b2eab547,1
8cad70f2-fe26-4855-ac60-4cb335952473,1
bda4025b-25a1-4009-a573-80c910898468,3
60a1f2f7-f4dd-486e-9f05-0bcf73c1415c,1
27f2c040-2d3a-4565-a797-299e2e35299e,1
4b8f1ec6-e91f-4a44-886d-325a4e5381b0,3
4409a803-bb0b-4860-806e-06a5fe9cfb10,1
339e6eeb-859a-406e-ae39-ac5b8cab41b8,3
741113b1-d1cc-4cc1-b37c-41cf224baf20,1
bfd1bd10-6b91-448b-bf62-bb489ec537f6,1
fd6ae641-b86e-41f9-88f4-a1f6ecbb427f,1
25f90eef-1e04-4942-aa40-a619ea4c3d01,1
f5db4eb7-cec0-4201-9b2e-b865b244371b,1
6a403400-3df8-45f2-8746-d21174c56654,1
320f11b9-4efc-4489-b369-e566ecd75853,1
27a4614d-5036-4b2f-b7ff-93a09bfe4961,3
aa6d637e-7b71-4c43-ade5-0f5e4d77f216,1
5324bd55-5b63-41e1-a7c0-5775f006c9ae,1
6c7942f7-eddc-4120-8995-dcf83c414afc,1
89ac84bd-f6b5-4ce2-af4d-9610b18c82ac,1
c1786a8b-4efb-4679-a31f-c5c4211d0ff5,3
1367c510-9d31-4b6c-991c-5c3f63cc3eed,1
ba340e7a-537c-40b4-856c-33207b73026f,1
f0afe982-924f-4e2c-839d-b5efef19713d,1
179661e3-1736-4dea-b70c-7ef5e0c2dc3a,1
d7899ac0-77c3-4260-a27e-532a71e99490,1
ee9ed686-3130-40d3-81ef-dfe2d88d97a8,3
1646c021-5766-4d11-a0b8-0fd13041fb24,3
328df346-f79b-4f11-8692-71576475f730,1
d79f0bc4-c357-4cfd-9d3b-df134aeb39c9,1
7ef92645-d15a-4f76-a1ae-641bf7987642,3
93fa850f-ff24-46c3-b31d-c1a1d5f13ee2,1
bbdca251-a1d2-4e6f-815c-23362db99c4e,1
ebaf10c6-ae93-433c-9cf8-e6eaa0343760,1
86409481-0460-458b-bf50-70abf3b4e8db,1
113d8085-332b-45e3-990d-1cc6fd6fdd86,1
a434f8f8-de63-4e1c-b7fd-4fff89a5e68f,1
5b815330-bdfc-4e5e-8438-6ce0fa87a80e,1
9480f8aa-61a4-41b9-afb6-1615eee6c409,1
34b28089-f4be-46b7-ad77-21b9b1416191,1
1f675b1b-132d-4e99-9542-f3c1b7046965,3
2ed22958-2f66-49f8-a26c-88d8b96c5bc1,1
97d0566b-f446-4454-b2f1-47676abacfb3,1
1ffa3069-aaa1-46dd-86d2-84c27692b146,1
649a48a9-d544-429b-aacf-ce85f0369eb6,1
a058a90e-8768-4bf8-bec4-c1230803240a,1
a5e105bf-2e71-4e42-bb80-888e89f401a2,1
fc7a0153-03ce-4348-b31b-31dbf97410d8,1
f2baea24-d39d-4787-8f71-1c49f4679121,1
790df38f-14a1-45ba-b3d9-2346d608dce7,1
ac2c58dd-cfce-4fbf-9e7b-5c300a54f4ae,3
83ffe372-fcc7-4cca-a8a4-934c2e4db144,1
07024c29-b08f-4404-88b5-bf56b86be672,1
1615d404-3c8f-4829-b50e-e9cdd298562a,1
4aa89a27-9057-43b1-8829-888988364ea3,1
a1ea5565-04a8-4ab8-bc80-b6a528723365,1
728f6091-1e7f-4f70-9eb2-a40ccc9f97c1,1
91b5c35d-bd38-4c65-a8a1-6bdc46e0765f,1
c81c64c0-208a-4846-a69c-c69880fd5298,3
60e52276-5f16-4368-b656-6f9c37d9714c,1
5b451242-1092-42b5-a91e-678a4af52731,1
b02a06d9-fb20-474e-93c5-4ce316084a38,1
f2ec12be-72a0-4c4e-8d6d-3ca527100e13,1
0bb0b662-f739-4e4c-928c-ad3b055ff069,1
4975ac39-c9b7-4535-a8c3-c885da40aea5,3
f67a6af4-698f-42b9-a4a6-40797a564c4e,1
0766bd6a-d65a-4990-acef-73a256e18593,1
28698a8a-73de-4782-9e19-1d76cc1c796f,1
a93dfad0-ae8c-4450-94bd-cbf529c7c641,1
53691bcf-2921-491d-9f6d-7e668405eda9,1
c6e35ed9-21bc-4797-8ee4-f0830174aa1c,1
6ef18b26-74ae-4ef8-8d14-ece943099c4b,3
f4aa1b9a-7303-410c-941d-3bb8c53f7d98,1
25d781d6-e1c3-444a-9e81-897d78090bb8,3
223a8476-23a5-4269-a630-628bed9199d6,1
2f83bcc5-2fb3-494e-8f1d-3471ad301fde,1
b6987e2d-45c8-4cce-8069-cbc1c7e874c6,1
047cbadc-8e95-4f2a-b305-727f90d2fbf0,1
d189b2d6-7430-4408-ac46-bdaeea3ec352,1
bd838832-9509-4738-b69e-b4503d0c1019,3
0b431fe2-69a5-48bd-a742-79c0148696f5,1
703b9d3c-90a8-4e7b-8f19-5cd767889aac,1
082d36dd-73fd-4ec0-bdbb-56af311da80d,1
da046910-6ed2-4bc2-b07d-9af8e5af0311,3
7ba58892-02d2-4d62-917c-6d4d74cd4901,1
a3901c1b-a10d-4893-8e88-92c208e2e66c,1
18923010-69dd-4303-8362-2685bf3ef409,1
e51c99ae-7251-4d2e-87c2-2c8d4aa8f824,1
c50bdfb7-8662-42b1-985a-9145ccf2f4b7,1
058b1bf5-533a-4d27-bef8-94d46ebded2b,1
d2999459-3fac-4c6d-bf34-55fa4274040d,1
f9f152ba-0dbc-43d9-9bde-af8ce69a6c46,1
a227b3e2-c168-4746-8327-e504e93a3eb0,1
9a5720f8-c704-4f22-80a7-c7862c20a23c,1
450e57de-643c-4fea-8e99-d2f912668085,3
3ea29b45-f91b-40b7-9a99-e8d43a205da7,1
1e0a1d5d-b0f6-4b38-b1d4-948d0d227c15,3
b7bed57e-6eb3-4057-b4f8-5197f2c46340,1
c53bbd36-29d4-440d-a8e6-65a0e16bde91,1
a7d979b6-974a-4613-be81-dd8faa2a1727,1
892301ce-9994-42d2-988a-d670f5ba2eda,1
ffdaf1a7-6351-4612-9e56-adc855160685,1
0c6143f6-4ad6-4455-af05-5bfd5739a6b0,1
c105d425-bb00-40ae-898c-2c899224b482,3
576b5357-9827-4c3a-a975-8587034aea7c,1
6cc53be6-bd06-488f-bf32-93b04fd46917,1
c03826a3-5128-4617-af60-0bbcc90bdf89,3
58c63865-d324-4e13-a6bc-32ba938a6c78,1
fc31c634-c436-4cc3-bff7-b12cfe83735a,1
eaddb25f-67d1-4662-b241-46df5fd7c87a,1
6523c0bb-48c8-4146-84fe-af197bfde7ee,3
517bcf1f-2082-4a26-8042-5fa00333bfa7,1
f31577d6-4c8d-4388-92f4-6bdaaa03ef5f,1
34c73135-0031-474c-b847-8e69ebb1c154,1
b1041a07-b7f8-456b-9ae7-e9254bf9d240,3
222b3061-6d83-4e09-8e9c-350920fa074f,1
478c8a6e-cb71-403f-a5cf-751a11018657,1
ac47512e-12ca-43a1-aedf-12688cdee305,1
27af7b1c-745b-4e0f-a238-2d7ceb928b72,1
0166700f-d4b9-4691-b83f-6a71e1c543ce,1
ba14c73c-ee1d-4a0d-95d4-82287d47c702,1
087f7f56-a9f7-4bc2-88dd-9fb73d11c19f,3
3abc9de1-550e-433b-bcd6-a1773775899e,1
5f29278f-910f-453f-b5c2-30df592326c0,1
a199bde0-0d02-4c46-bb85-ed54803a33e0,3
4ef04af7-5aa3-4057-bd01-360518af1035,1
c1d87d5c-f7d1-4b63-ad21-b664c3be5099,1
1682c85a-71a8-4851-bcee-c996e46bd9a2,1
94e09807-1690-479a-bc31-6285127c7102,1
4ca9ef97-09eb-403f-954f-d6f4ce06e06d,1
68986a33-0c33-45cb-a841-4d81f7965b26,1
968ffdad-f603-4082-823e-017539a6be36,1
af50aea1-e6bd-4078-99e0-26f61c28b993,1
e620a205-4724-449e-8bad-bcb23cdbdcf9,1
3a631d86-9ce5-4d7f-927d-b1a4cde869c3,1
85564fc4-a982-4c0d-b764-acdf648e8680,1
9d38f876-8f66-45e4-8ea7-b31fc1df4bfd,1
7247c57a-49a0-4f21-8879-8eb4b7b94eaa,1
70fce97e-1cc8-45a2-82d4-023095c64325,1
95a73d61-9281-4768-a95f-a370767d6256,1
1e930cbc-d253-4f8c-a31d-226e43082903,1
1b5b18af-34e0-44c8-a560-4efb0142e769,3
e7241811-f3db-411f-9d7e-98855a96e4e1,1
f2f66e62-d879-4aca-9e9a-50a8a4834728,1
96ffdd82-99da-4b27-b6df-f4002a64b84d,1
a733c8e6-9ec8-4ceb-8018-8aed69dc9170,1
0a0489e4-3deb-4626-be9e-3ed9920c70b5,1
6274361b-6a94-40d7-8c8c-b78a8603dc17,1
7c5e255e-9441-4d72-a6cc-6a503ddf89e4,3
eba0139c-b6fc-415f-b1e6-e487f4bd16ca,1
70a945d5-db3a-4d03-a18d-63b1be79ad96,1
3ed91e66-0df8-4e94-96d9-a5d19a1beed4,1
41827b6a-cd88-4101-bc42-7f07a106d022,1
d3de6717-7896-4054-8434-c6885d9f7a2e,1
db1affa9-2686-4c89-9ae7-f3847954fa62,1
8e1919fa-5b10-4235-bc9d-0772840feb84,1
e59e4c97-efaf-43c5-be42-f2b3d65bf2e4,3
1013670e-9e33-4d8e-8329-9180ae6e2981,1
50470205-75dd-482e-b159-4ef7c82e44f9,1
9a9eb352-ae26-4048-8554-fd3fd1bde16d,3
1c3dbb9b-8a63-4a77-8124-e7552e216e27,1
b80c1db6-b75f-463b-a457-2e30bbdcae71,1
e25f1619-0fe0-4c91-b94f-1f34b306b44d,1
7648fd5f-e83e-4535-a3df-6cdedec3ac1d,3
0201a003-e9dd-4879-9571-d8531e64143b,1
1478d3d2-d6dc-49ee-b6c2-1e614ef2ab91,1
fe46a9e8-3e13-431d-8e0e-16d236c8ba9e,1
d10e2232-7b21-4d70-8a3d-31eb62968d87,1
62bad591-d5bf-490b-b777-4c383ce579a5,1
07578a6c-f1ad-49df-9f37-cc809dc844e3,1
91eadf24-c247-485b-9fd8-eadcc66fa366,1
df84dcb2-e2c1-4b14-b8d3-3df49ae35988,3
2f156050-9182-4d4b-84c0-3acdb7e99a2b,1
326b851e-5256-442a-ab1e-d1df994e1b09,3
704bb190-9454-4f96-9ff4-d5844bccc58f,3
6adba52e-a806-453e-b7ef-2ea647e1d4db,1
fec6bed3-eafb-463b-9b72-7ae68b1dba87,3
4544af26-316e-4316-853b-507ee665d118,1
2286e72c-72a3-4694-90bd-dbd980bc0890,1
3fa04de5-c848-410e-a3ce-c971a59a62b9,1
5be0d530-ed7d-4725-83be-77f8137bb649,3
2ac9fe34-89b9-4461-8439-71feb144bce9,1
8e34c83b-8703-483d-8324-d248c4eca492,1
6a670a69-23cd-47de-9360-fb23086a4009,1
d8495394-026d-47ab-aa3c-7e3b0da00a8b,1
fd5a5bdd-ab4e-4072-9c8c-e5bf2ce798bf,3
f04a1857-83c2-415b-986a-996f0aa90ad8,3
e194c7b8-0f49-46c9-9a79-33ce7ca8b0a0,3
f3805648-30f0-40cb-a16e-61c99e47b22a,1
dcc8c90a-d806-45ea-9ab2-80aaaff47da7,1
f8b45fae-8667-465a-a007-251b443b5a93,3
c4a6ace4-d8d7-40a5-96f8-4cbfa8491375,1
dfe4aad1-99f9-4bcc-ac5e-47c039e0fa07,1
37c5e336-c90a-4c1c-b599-9b22b506c23a,1
54d676ff-ee10-428d-8707-3a88a3663ea6,1
d8dc1ddd-d493-4dfe-a4e3-0e9919a23df0,3
3ea20b06-0d03-4049-95b9-c7b183ef558c,3
56206797-867d-4362-a605-2603033fcd3e,1
abddf964-e039-4542-8059-f1a1ee95caed,3
2644f329-bcb0-441a-87f7-c3951c57fbac,1
2b19b259-c7fd-4314-8a1f-61c71f774676,1
91873a1d-0631-4988-ae73-7f7f6b4e966b,1
72b6505d-9c65-4952-a35b-d2b57dc5a32d,1
3d1a1574-2763-4040-a8f3-47ad111f0644,1
53906429-6a42-4de7-9847-28b5f37f701c,3
d3fd1cc3-1382-4941-b38f-d1503664f266,3
575e42bc-b756-4571-bd3a-12483f525671,3
8221686d-c6f5-4114-bfd4-b064aa1b076c,1
186fd8d1-0e53-445b-a075-b5e9a32a6fb1,3
2974ed5c-6ed3-4817-ab2d-4ffffb4472f6,1
d3675874-3a1f-41cf-97b3-f7b49235cb31,1
9d74d1ea-e1ea-4d2d-9dce-072f54ab9439,1
3b4af20b-4201-4a24-b5fc-a179d9d17ddc,3
93ee21fe-4ac9-41f4-af97-b88d62460167,1
fdf4491b-18a1-4f08-9dc7-79bfc46e548e,1
c71222ff-423f-4c50-a764-2b0a985d37a2,1
90e1cdee-3c25-4269-87b8-d61fd98c41f2,1
58dd870a-0dc7-45af-b4b5-1cc447aeaeca,3
e5f2220a-8ad2-4cad-8a37-2e60e1edd279,1
0ffc2bd7-808d-40e9-96ab-ffdcff28c3a2,3
30c976f5-f474-40d0-8c5a-8850d743b9d8,3
1538e291-b9b0-4e57-bb26-211946951452,1
2a12ed05-e2ed-4be2-b866-0dd6196bbf63,1
bfeae3a2-f343-4e84-a129-6cea74c57f1e,1
36f9eca7-97e0-4887-a116-897f5148cb23,3
d0153d3a-71a6-481f-84fb-665cdf11d4b3,3
e823ac9f-5d67-42e9-a0b6-95b056bea471,1
71fde40b-692e-41aa-a533-9ca5f8cb3503,3
2008ab29-d855-4335-8af5-bbb0a577eb3f,3
750c302b-35cf-4e2c-a89b-b1a24bfca0bc,3
a24fb2ff-eb3a-4683-9c0f-434f2270914d,3
e96e6a4f-b56e-4ff3-8362-585fa46d55e0,1
32775aa3-6d8b-42d0-9b75-501c3601e6d1,3
df74372f-d4e1-4c70-b06d-f91e54aaad0f,2
d72d4ab9-6f30-4360-8910-b7edb8547a3d,1
4a80a02e-42f7-4cc3-993e-110a4576ca25,3
536781e6-95b7-424e-ab89-882585c30079,1
35f3cf0d-fbfe-4a89-8ee5-5f708632ad87,3
2d2acf0a-ca77-402c-bead-5d6441cd9b64,3
e0270ebc-7505-4f65-9f90-7155b5c44b9b,1
69ca9977-e892-4218-97b2-d1aed83c9272,1
1e549177-c87c-4c55-a611-19e8f9d150b6,3
69457f3e-1edb-45ed-9b77-bcdbe5a5cda4,3
7dde3f1c-fa91-4974-adb2-47d8f6ee025e,1
81f7ef04-b149-4f9d-8619-b87500c55c8f,1
27af660e-a3e2-4fdc-81a9-e4ea367581fa,1
c053955b-ca26-4ea3-b25c-b40cc5d72aeb,3
cf38b77e-9b56-48b0-8521-aa71fc28c6ac,1
4db601a0-f67b-4e3b-bf95-5734f9532fa9,3
b23a3e40-9cfe-4a77-b877-b883493aed1e,1
1346242c-2360-4aca-b276-c17b4db8b822,3
66ebaeb4-b930-4e28-aea0-3eaa907a339d,3
9955969e-1036-4c5d-847e-d6e8dabecc12,3
9c3faba3-af08-41a8-bd7e-0882cc689171,3
f9e23cf1-7da6-49a7-a4de-bda15b53feba,1
5a7fb0b9-f89c-4287-ad80-ff531692b2a6,3
11b78426-05c8-47f6-9fab-14f1762f7102,3
ce9a9eae-c662-4f5f-8a19-4520b282f8ef,3
42b4eca8-6b31-493f-b12b-ca6ecea146b3,3
dbb2efee-b4ce-4bfc-9f9f-e84b1a913c10,3
3eb8b84d-32e3-466e-bdad-d366391bbac8,1
a24fe971-cbca-4fab-a931-ce2b238dfe37,1
2d13ce02-b2e6-4ae6-87c9-2c6cda206501,1
92db2ffe-af4e-448d-a7a8-216339efb489,3
f1ca5405-3493-4af2-89b0-6301eea67ad2,2
507b777e-a1d1-48a3-bdec-b430137f44c3,3
52826fe9-89ba-4bec-8300-9370eb5d7c5e,3
cf0e264d-2c8b-4336-b31c-e92a035b2e59,3
1a729785-b8c0-4365-bdfd-1af38d1bec31,1
eacca78b-f8ff-4f46-a3bf-b8ef24e22f3d,3
3bc5e680-38c3-4e3f-a573-ae6387b5aeed,3
6678bb42-dd2f-4fbc-98b4-efbe9fa0c070,1
d649988f-5300-4027-8de0-f0e5de17b8ab,1
690d37a3-7de1-48c8-86d0-08e21f424e16,1
9b063030-d3cf-4ecc-b8a0-4aa11ee75255,3
3aae90a8-8523-4a0b-9ea1-3bf977383914,1
1382b73a-f969-4123-b880-3c3297ad4774,3
afa13200-e924-4a05-803e-8d4af0bba542,1
ec15737c-cd7d-4059-a218-1f535412e4c2,1
34c19e85-ffd5-476f-9bd7-3e4473454623,1
71e35bb2-70ce-449e-b1f8-777a9ef81662,3
169fe250-6879-4807-b3e3-feed4e78e16b,1
13fc19a1-7231-4616-a4fb-55095ae2ad36,3
aed74750-8b74-44cf-9332-f8a31870192f,3
3bf7390e-b91e-43e2-8021-79568ec79b79,1
28ba07c8-b606-4337-8e93-3d809f62d93d,1
fadfbd03-5a27-4999-a13c-2ce4878b163e,1
9674ca03-1d4a-4260-87c2-ba36c0bfc3ac,3
f7407a87-9b14-4a2b-bfd0-1a3fbaec930e,3
4d27bc8d-bf70-4653-9257-014873946c6c,3
6a57f72d-0a14-4283-a30a-ab2f162e930b,1
5d2a7487-6706-4f9e-a6f2-6e9eca2c9bb3,3
58b6e288-d6c9-43db-a543-38df9ab0230b,3
e63932b7-229b-4994-bcd2-2144cf2f145d,1
37c3a625-8d3b-40a2-a793-7bed5ec2d248,1
370974f0-f490-4e44-96a5-c14c7cf7104f,3
e08febbd-ed2c-472d-bb13-b117ab185c8e,3
56901d8a-309a-4e0e-b092-2ced7f7b97ae,3
ecac34cb-355e-4e05-818d-abb67fb65eb8,3
9a38d385-230b-4fb7-8106-1dca795e183e,1
2ffd19f9-ca03-4d8c-8ae0-0dfcb6c6772b,1
5930f196-ad81-4750-b0ce-b05d2e257c14,3
2daafc21-4387-4d8e-b774-3db3b170d363,1
0646d802-56f8-4110-a230-c05bb6918534,1
2ec14ace-9781-46ab-83e5-d89f089909e7,1
194fe3a6-d57c-4253-a376-2e5d3033d8c0,1
45f4f0d0-b6a7-490b-ae7d-b1d446257709,3
e22706a2-5131-4a0e-86e2-ecb8a4709ab4,1
e2c39901-e4e9-4990-b0d8-9080d049ed26,1
bfc47dfc-5877-4340-8b35-1c881c712d76,3
86e79c1b-dbc5-4c98-9da6-7d0e8a995636,1
22697d6e-704b-4bc9-b6c7-ccd4af52d1a3,3
c01e5df9-78f7-45d9-9134-3e80b55bb36a,3
0791267e-e923-4d66-a01c-f21f69b78bab,1
e8467130-5a32-4898-840e-0ba28c3bc03f,3
6bd9c929-9565-46fa-b7ba-3705284c7314,3
9ebb9d01-785d-4550-af67-9a576a44b227,1
5430e903-5243-433a-be87-257061c13a79,1
8951b030-1a4c-43e9-855a-4d061ca9c06c,3
5612d862-895b-4b5c-838a-2f9cdc6e324e,3
71e0cd76-f953-4e1d-84d0-d69ddf3628b2,1
d9f1270d-f58b-4397-b911-886a611cd18d,3
6ceb7dc4-b730-42c7-8b27-067c5d2d191c,3
40328c9f-e49e-4b76-92c6-83637557528f,3
fb88b867-0c42-4b86-911f-ec3313964359,1
ca328c04-f9f3-4d22-a9ca-d1a352d6884b,1
1209dea9-a618-4812-9dbf-adc55e9f2996,1
35e40023-456a-4904-bfc7-a6a78929ca92,3
5ce4f43b-49c9-47ea-b32f-7a5e64923cbe,3
225cd1e2-fae4-4ab4-bd40-66afd02727fd,1
d05bea19-c9e1-47af-abc4-660f70df07a8,3
4c575256-5070-4be4-839d-d73caf98131f,3
32d01404-82c6-40f5-a48c-2ecda1f1ec12,3
68bd2729-e544-446a-8af0-1f2883a09189,1
3a3e0dec-bfbc-4491-9f51-d91e88d922e2,3
859ad24a-6d75-453e-b82e-a829d802e5ea,1
8c7a117f-ef12-4f87-9492-7c9ffd72a2b9,3
49b7b02f-50d2-4465-9eeb-22802a51d55d,3
248383dc-17dd-4fd3-aa36-a87491f11515,1
eeb8829f-5d36-459f-936f-7d105f22bc76,1
2d6289d4-20c7-49e8-a96a-ccbc0e0dfc6a,1
24d958f3-1480-4eda-ac3c-023301588d8e,3
a7daa046-788d-4839-a419-ae55c0bb5709,3
dae8b603-8c56-428d-b222-4d4d359efe31,3
6aacb61b-bba1-4f40-856a-5e0b9076e431,3
03e950b7-5ca1-419e-9927-896f1bbc275e,3
19266e30-3824-4093-bb37-e6e903ad6618,3
f946588b-da5b-45e0-a693-12c0d75adf88,3
b3fc476f-a394-47dc-8156-915df5df80d4,3
84988274-ff14-4263-99d3-bdaa56886d91,1
d89b3fa4-fcef-44b2-82bb-51fac9cfef36,3
4e41bd4e-863b-42f8-9126-c589aff09570,3
55022a57-3b6d-432d-bd34-e50a6ad8f9a7,2
e131fd9c-712a-4187-875d-0bfb5d0e2230,1
06abe00d-9496-4016-a90a-4b4f41ee1b99,1
71a47c93-825f-4d9b-940e-e93548367d27,3
57941b53-7aac-42dc-aea4-975ac70f5018,1
fe2310cb-ae8d-4fc4-b43e-d96bac8ae049,3
98242e96-7e32-4d7c-ab1e-379f81bb4a34,3
6588a3a1-bbd2-42f3-a933-9513749c3aea,1
bc298d52-a103-46d7-b868-ff5ae66ff393,3
95c58f54-cf79-4106-a698-f29f5ec93ac7,3
fcb8fcd4-1688-41b9-be48-b217054eba9b,3
f39751d1-f99f-4d54-b20d-4a59281e8346,1
5ba85de5-3248-43ad-80f9-7d8a7c2141fc,3
66f1bcca-d684-4b9f-bbee-7c2e1457c884,3
de434409-ab62-4927-8a56-5a2ef061c9ac,3
066b8c21-0725-4809-bcd2-cf1f6cc448b1,3
2244e6f7-b096-4416-b679-e5cf5fea70cf,3
31954760-039f-46b8-b711-a56bd5d4adac,3
93bb29eb-27c7-4a96-9d67-9d281a7fd3d4,1
3be3a7a1-b545-49e7-9cab-219052a2b4b9,1
071fe841-b0c2-4297-a965-03cd7973f706,3
260adef1-5800-4a79-ad96-93e6668b8477,1
1510a9e6-96f9-4031-8c98-7b5ce86c55da,3
b13e1614-a4ec-45d2-ac28-e535fa336892,3
0e7dadac-3b48-458e-9533-fba5b172ce0e,3
82702e9d-8963-4fd9-bb9a-081a93c194e5,3
0fe803db-f975-4622-ab24-2b57d58441dc,3
e7770f7d-bd38-40c4-89c5-57e01474acd1,3
9756c20e-13aa-4528-bd24-fcaa2ee78ba0,1
dc2eb9d1-e4fa-421f-a8ad-be082aedcd75,3
59e79f61-baa0-44fd-a4b0-68a74137f968,1
3d2238fe-dc76-46da-be80-2e8501649c02,1
90c3fe8a-6db7-477b-9ff7-ddc53a33648f,1
b649c927-5a36-4ac9-b7a0-f038ec07d9a3,1
1b92eedd-3534-4fa5-a140-aafdf8060ef0,3
a2f5fc35-8bbf-48d4-b7d4-f8fd642eb1a4,1
12e7f339-b6ed-41a2-bd35-424a267d9415,3
66a716f4-2d64-46b6-ab35-d17256fbedcb,3
ccea1612-273d-4a5f-b7a9-4801d4930da8,3
33a5ae86-86bf-4f03-982d-12980f2b0868,3
494054e4-bd96-45ed-94fe-d1ff84509792,3
742ccce2-e5c5-463c-a343-44f3f2fa9b11,1
e57cef97-2d0e-4c76-a84f-6100d23c18bd,1
3e3b455e-2fb9-4188-ba9a-be653363665f,1
3bd26068-231c-48c8-adc2-1629a495b348,3
58a9b014-c632-4d0d-b017-e1d135d76ff5,1
c1b6b134-1555-46fd-a4e0-61785fc43ce0,3
571b9dc6-79da-43c3-86da-b4aebe0f0ff4,2
b9b1de3e-b957-4ca7-a12c-6adade74c84e,1
